meta.record_id,tokens.kure-legal-ft-v1,over_8192.kure-legal-ft-v1,tokens.kure-v1,over_8192.kure-v1,tokens.bge-m3,over_8192.bge-m3
001248:article:0001001,50,False,50,False,50,False
001248:article:0002001,65,False,65,False,65,False
001248:article:0003001,450,False,450,False,450,False
001248:article:0003021,984,False,984,False,984,False
001248:article:0003031,869,False,869,False,869,False
001248:article:0003041,225,False,225,False,225,False
001248:article:0003051,87,False,87,False,87,False
001248:article:0003061,394,False,394,False,394,False
001248:article:0003071,213,False,213,False,213,False
001248:article:0004001,94,False,94,False,94,False
001248:article:0006001,208,False,208,False,208,False
001248:article:0006021,104,False,104,False,104,False
001248:article:0006031,788,False,788,False,788,False
001248:article:0007001,221,False,221,False,221,False
001248:article:0007021,138,False,138,False,138,False
001248:article:0008001,202,False,202,False,202,False
001248:article:0008021,437,False,437,False,437,False
001248:article:0009001,210,False,210,False,210,False
001248:article:0010001,37,False,37,False,37,False
001248:article:0010021,86,False,86,False,86,False
001248:article:0011001,37,False,37,False,37,False
001248:article:0012001,59,False,59,False,59,False
001248:article:0013001,72,False,72,False,72,False
001248:article:0014001,401,False,401,False,401,False
001248:article:0015001,30,False,30,False,30,False
001248:article:0016001,550,False,550,False,550,False
001248:article:0017001,222,False,222,False,222,False
001248:article:0018001,39,False,39,False,39,False
001248:article:0019001,109,False,109,False,109,False
001248:article:0020001,318,False,318,False,318,False
001248:article:0021001,328,False,328,False,328,False
001248:article:0022001,124,False,124,False,124,False
001248:article:0023001,107,False,107,False,107,False
001248:article:0024001,248,False,248,False,248,False
001248:article:0025001,90,False,90,False,90,False
001248:article:0026001,215,False,215,False,215,False
001248:article:0027001,99,False,99,False,99,False
001248:article:0028001,63,False,63,False,63,False
001248:article:0029001,48,False,48,False,48,False
001248:article:0030001,86,False,86,False,86,False
001248:article:0031001,71,False,71,False,71,False
001248:supplement:1981030503379,108,False,108,False,108,False
001248:supplement:1983123003682,183,False,183,False,183,False
001248:supplement:1989123004188,202,False,202,False,202,False
001248:supplement:1997121305454,57,False,57,False,57,False
001248:supplement:1999012105641,124,False,124,False,124,False
001248:supplement:2001122906541,31,False,31,False,31,False
001248:supplement:2002012606627,388,False,388,False,388,False
001248:supplement:2005012707358,209,False,209,False,209,False
001248:supplement:2007080308583,31,False,31,False,31,False
001248:supplement:2008032108923,25,False,25,False,25,False
001248:supplement:2009050809653,31,False,31,False,31,False
001248:supplement:2010051710303,130,False,130,False,130,False
001248:supplement:2011041210580,193,False,193,False,193,False
001248:supplement:2013032311690,131,False,131,False,131,False
001248:supplement:2013081312043,424,False,424,False,424,False
001248:supplement:2015010612989,172,False,172,False,172,False
001248:supplement:2016052914175,159,False,159,False,159,False
001248:supplement:2016052914242,140,False,140,False,140,False
001248:supplement:2018101615791,161,False,161,False,161,False
001248:supplement:2020020416912,146,False,146,False,146,False
001248:supplement:2020060917363,154,False,154,False,154,False
001248:supplement:2020073117470,178,False,178,False,178,False
001248:supplement:2023041819356,181,False,181,False,181,False
001248:supplement:2023071119520,26,False,26,False,26,False
001248:supplement:2025100121065,393,False,393,False,393,False
004950:article:0001001,39,False,39,False,39,False
004950:article:0002001,113,False,113,False,113,False
004950:article:0002021,7,False,7,False,7,False
004950:article:0003001,175,False,175,False,175,False
004950:article:0004001,305,False,305,False,305,False
004950:article:0005001,216,False,216,False,216,False
004950:article:0006001,337,False,337,False,337,False
004950:article:0007001,110,False,110,False,110,False
004950:article:0008001,104,False,104,False,104,False
004950:article:0009001,80,False,80,False,80,False
004950:article:0010001,396,False,396,False,396,False
004950:article:0011001,203,False,203,False,203,False
004950:article:0012001,126,False,126,False,126,False
004950:article:0013001,198,False,198,False,198,False
004950:article:0014001,68,False,68,False,68,False
004950:article:0015001,136,False,136,False,136,False
004950:article:0016001,162,False,162,False,162,False
004950:article:0017001,220,False,220,False,220,False
004950:article:0018001,78,False,78,False,78,False
004950:article:0019001,62,False,62,False,62,False
004950:article:0020001,35,False,35,False,35,False
004950:article:0021001,132,False,132,False,132,False
004950:article:0022001,250,False,250,False,250,False
004950:article:0023001,381,False,381,False,381,False
004950:article:0024001,74,False,74,False,74,False
004950:article:0025001,59,False,59,False,59,False
004950:article:0026001,158,False,158,False,158,False
004950:article:0027001,53,False,53,False,53,False
004950:article:0028001,184,False,184,False,184,False
004950:article:0029001,104,False,104,False,104,False
004950:article:0030001,170,False,170,False,170,False
004950:article:0031001,182,False,182,False,182,False
004950:article:0032001,142,False,142,False,142,False
004950:article:0033001,685,False,685,False,685,False
004950:article:0034001,141,False,141,False,141,False
004950:article:0035001,75,False,75,False,75,False
004950:supplement:1984061411441,25,False,25,False,25,False
004950:supplement:1987120112283,77,False,77,False,77,False
004950:supplement:1990021912930,26,False,26,False,26,False
004950:supplement:1995101914785,65,False,65,False,65,False
004950:supplement:2001091517360,65,False,65,False,65,False
004950:supplement:2002061917627,26,False,26,False,26,False
004950:supplement:2007102320334,26,False,26,False,26,False
004950:supplement:2008082120971,70,False,70,False,70,False
004950:supplement:2009073021650,26,False,26,False,26,False
004950:supplement:2009092121744,138,False,138,False,138,False
004950:supplement:2010072122284,69,False,69,False,69,False
004950:supplement:2012010623488,77,False,77,False,77,False
004950:supplement:2013032324415,116,False,116,False,116,False
004950:supplement:2013123025035,468,False,468,False,468,False
004950:supplement:2016012226922,174,False,174,False,174,False
004950:supplement:2016033127078,240,False,240,False,240,False
004950:supplement:2016112927614,27,False,27,False,27,False
004950:supplement:2017052928053,26,False,26,False,26,False
004950:supplement:2018091829162,110,False,110,False,110,False
004950:supplement:2020092931080,159,False,159,False,159,False
004950:supplement:2020120831243,203,False,203,False,203,False
004950:supplement:2021040631614,156,False,156,False,156,False
004950:supplement:2021051131673,109,False,109,False,109,False
004950:supplement:2022122033105,309,False,309,False,309,False
004950:supplement:2023022133254,110,False,110,False,110,False
004950:supplement:2023092633771,136,False,136,False,136,False
004950:supplement:2024060434550,150,False,150,False,150,False
004950:supplement:2024122435089,154,False,154,False,154,False
004950:supplement:2024123135161,122,False,122,False,122,False
004950:supplement:2025123035947,172,False,172,False,172,False
004950:supplement:2026062336423,131,False,131,False,131,False
004950:annex:000100E,296,False,296,False,296,False
004950:annex:000200E,157,False,157,False,157,False
001706:article:0001001,37,False,37,False,37,False
001706:article:0002001,44,False,44,False,44,False
001706:article:0003001,29,False,29,False,29,False
001706:article:0004001,19,False,19,False,19,False
001706:article:0005001,64,False,64,False,64,False
001706:article:0006001,44,False,44,False,44,False
001706:article:0007001,44,False,44,False,44,False
001706:article:0008001,77,False,77,False,77,False
001706:article:0009001,151,False,151,False,151,False
001706:article:0010001,153,False,153,False,153,False
001706:article:0011001,81,False,81,False,81,False
001706:article:0012001,146,False,146,False,146,False
001706:article:0013001,261,False,261,False,261,False
001706:article:0014001,81,False,81,False,81,False
001706:article:0014021,147,False,147,False,147,False
001706:article:0014031,112,False,112,False,112,False
001706:article:0015001,189,False,189,False,189,False
001706:article:0016001,116,False,116,False,116,False
001706:article:0017001,77,False,77,False,77,False
001706:article:0018001,30,False,30,False,30,False
001706:article:0019001,23,False,23,False,23,False
001706:article:0020001,28,False,28,False,28,False
001706:article:0021001,32,False,32,False,32,False
001706:article:0022001,120,False,120,False,120,False
001706:article:0023001,60,False,60,False,60,False
001706:article:0024001,125,False,125,False,125,False
001706:article:0025001,69,False,69,False,69,False
001706:article:0026001,105,False,105,False,105,False
001706:article:0027001,132,False,132,False,132,False
001706:article:0028001,39,False,39,False,39,False
001706:article:0029001,166,False,166,False,166,False
001706:article:0030001,32,False,32,False,32,False
001706:article:0031001,28,False,28,False,28,False
001706:article:0032001,60,False,60,False,60,False
001706:article:0033001,34,False,34,False,34,False
001706:article:0034001,41,False,41,False,41,False
001706:article:0035001,113,False,113,False,113,False
001706:article:0036001,27,False,27,False,27,False
001706:article:0037001,30,False,30,False,30,False
001706:article:0038001,57,False,57,False,57,False
001706:article:0039001,57,False,57,False,57,False
001706:article:0040001,97,False,97,False,97,False
001706:article:0041001,37,False,37,False,37,False
001706:article:0042001,90,False,90,False,90,False
001706:article:0043001,53,False,53,False,53,False
001706:article:0044001,62,False,62,False,62,False
001706:article:0045001,97,False,97,False,97,False
001706:article:0046001,60,False,60,False,60,False
001706:article:0047001,64,False,64,False,64,False
001706:article:0048001,82,False,82,False,82,False
001706:article:0049001,124,False,124,False,124,False
001706:article:0050001,63,False,63,False,63,False
001706:article:0051001,90,False,90,False,90,False
001706:article:0052001,36,False,36,False,36,False
001706:article:0052021,81,False,81,False,81,False
001706:article:0053001,52,False,52,False,52,False
001706:article:0054001,72,False,72,False,72,False
001706:article:0055001,91,False,91,False,91,False
001706:article:0056001,36,False,36,False,36,False
001706:article:0057001,17,False,17,False,17,False
001706:article:0058001,57,False,57,False,57,False
001706:article:0059001,73,False,73,False,73,False
001706:article:0060001,41,False,41,False,41,False
001706:article:0060021,103,False,103,False,103,False
001706:article:0061001,29,False,29,False,29,False
001706:article:0062001,48,False,48,False,48,False
001706:article:0063001,58,False,58,False,58,False
001706:article:0064001,53,False,53,False,53,False
001706:article:0065001,42,False,42,False,42,False
001706:article:0066001,25,False,25,False,25,False
001706:article:0067001,95,False,95,False,95,False
001706:article:0068001,41,False,41,False,41,False
001706:article:0069001,29,False,29,False,29,False
001706:article:0070001,125,False,125,False,125,False
001706:article:0071001,45,False,45,False,45,False
001706:article:0072001,53,False,53,False,53,False
001706:article:0073001,64,False,64,False,64,False
001706:article:0074001,38,False,38,False,38,False
001706:article:0075001,71,False,71,False,71,False
001706:article:0076001,75,False,75,False,75,False
001706:article:0077001,79,False,79,False,79,False
001706:article:0078001,56,False,56,False,56,False
001706:article:0079001,37,False,37,False,37,False
001706:article:0080001,128,False,128,False,128,False
001706:article:0081001,32,False,32,False,32,False
001706:article:0082001,52,False,52,False,52,False
001706:article:0083001,75,False,75,False,75,False
001706:article:0084001,47,False,47,False,47,False
001706:article:0085001,98,False,98,False,98,False
001706:article:0086001,69,False,69,False,69,False
001706:article:0087001,70,False,70,False,70,False
001706:article:0088001,116,False,116,False,116,False
001706:article:0089001,47,False,47,False,47,False
001706:article:0090001,67,False,67,False,67,False
001706:article:0091001,90,False,90,False,90,False
001706:article:0092001,54,False,54,False,54,False
001706:article:0093001,102,False,102,False,102,False
001706:article:0094001,44,False,44,False,44,False
001706:article:0095001,31,False,31,False,31,False
001706:article:0096001,50,False,50,False,50,False
001706:article:0097001,181,False,181,False,181,False
001706:article:0098001,32,False,32,False,32,False
001706:article:0099001,38,False,38,False,38,False
001706:article:0100001,63,False,63,False,63,False
001706:article:0101001,59,False,59,False,59,False
001706:article:0102001,56,False,56,False,56,False
001706:article:0103001,39,False,39,False,39,False
001706:article:0104001,45,False,45,False,45,False
001706:article:0105001,48,False,48,False,48,False
001706:article:0106001,56,False,56,False,56,False
001706:article:0107001,84,False,84,False,84,False
001706:article:0108001,57,False,57,False,57,False
001706:article:0109001,81,False,81,False,81,False
001706:article:0110001,103,False,103,False,103,False
001706:article:0111001,72,False,72,False,72,False
001706:article:0112001,79,False,79,False,79,False
001706:article:0113001,59,False,59,False,59,False
001706:article:0114001,61,False,61,False,61,False
001706:article:0115001,75,False,75,False,75,False
001706:article:0116001,123,False,123,False,123,False
001706:article:0117001,23,False,23,False,23,False
001706:article:0118001,64,False,64,False,64,False
001706:article:0119001,46,False,46,False,46,False
001706:article:0120001,55,False,55,False,55,False
001706:article:0121001,97,False,97,False,97,False
001706:article:0122001,56,False,56,False,56,False
001706:article:0123001,49,False,49,False,49,False
001706:article:0124001,66,False,66,False,66,False
001706:article:0125001,85,False,85,False,85,False
001706:article:0126001,56,False,56,False,56,False
001706:article:0127001,53,False,53,False,53,False
001706:article:0128001,62,False,62,False,62,False
001706:article:0129001,55,False,55,False,55,False
001706:article:0130001,41,False,41,False,41,False
001706:article:0131001,82,False,82,False,82,False
001706:article:0132001,55,False,55,False,55,False
001706:article:0133001,45,False,45,False,45,False
001706:article:0134001,67,False,67,False,67,False
001706:article:0135001,130,False,130,False,130,False
001706:article:0136001,85,False,85,False,85,False
001706:article:0137001,61,False,61,False,61,False
001706:article:0138001,65,False,65,False,65,False
001706:article:0139001,53,False,53,False,53,False
001706:article:0140001,59,False,59,False,59,False
001706:article:0141001,58,False,58,False,58,False
001706:article:0142001,41,False,41,False,41,False
001706:article:0143001,60,False,60,False,60,False
001706:article:0144001,52,False,52,False,52,False
001706:article:0145001,104,False,104,False,104,False
001706:article:0146001,41,False,41,False,41,False
001706:article:0147001,90,False,90,False,90,False
001706:article:0148001,53,False,53,False,53,False
001706:article:0149001,49,False,49,False,49,False
001706:article:0150001,114,False,114,False,114,False
001706:article:0151001,125,False,125,False,125,False
001706:article:0152001,59,False,59,False,59,False
001706:article:0153001,56,False,56,False,56,False
001706:article:0154001,37,False,37,False,37,False
001706:article:0155001,41,False,41,False,41,False
001706:article:0156001,30,False,30,False,30,False
001706:article:0157001,54,False,54,False,54,False
001706:article:0158001,63,False,63,False,63,False
001706:article:0159001,38,False,38,False,38,False
001706:article:0160001,106,False,106,False,106,False
001706:article:0161001,49,False,49,False,49,False
001706:article:0162001,62,False,62,False,62,False
001706:article:0163001,220,False,220,False,220,False
001706:article:0164001,135,False,135,False,135,False
001706:article:0165001,126,False,126,False,126,False
001706:article:0166001,55,False,55,False,55,False
001706:article:0167001,33,False,33,False,33,False
001706:article:0168001,48,False,48,False,48,False
001706:article:0169001,35,False,35,False,35,False
001706:article:0170001,102,False,102,False,102,False
001706:article:0171001,49,False,49,False,49,False
001706:article:0172001,58,False,58,False,58,False
001706:article:0173001,89,False,89,False,89,False
001706:article:0174001,69,False,69,False,69,False
001706:article:0175001,68,False,68,False,68,False
001706:article:0176001,68,False,68,False,68,False
001706:article:0177001,44,False,44,False,44,False
001706:article:0178001,84,False,84,False,84,False
001706:article:0179001,63,False,63,False,63,False
001706:article:0180001,113,False,113,False,113,False
001706:article:0181001,69,False,69,False,69,False
001706:article:0182001,56,False,56,False,56,False
001706:article:0183001,48,False,48,False,48,False
001706:article:0184001,64,False,64,False,64,False
001706:article:0185001,33,False,33,False,33,False
001706:article:0186001,45,False,45,False,45,False
001706:article:0187001,65,False,65,False,65,False
001706:article:0188001,71,False,71,False,71,False
001706:article:0189001,51,False,51,False,51,False
001706:article:0190001,65,False,65,False,65,False
001706:article:0191001,122,False,122,False,122,False
001706:article:0192001,78,False,78,False,78,False
001706:article:0193001,28,False,28,False,28,False
001706:article:0194001,59,False,59,False,59,False
001706:article:0195001,51,False,51,False,51,False
001706:article:0196001,66,False,66,False,66,False
001706:article:0197001,71,False,71,False,71,False
001706:article:0198001,38,False,38,False,38,False
001706:article:0199001,71,False,71,False,71,False
001706:article:0200001,38,False,38,False,38,False
001706:article:0201001,95,False,95,False,95,False
001706:article:0202001,95,False,95,False,95,False
001706:article:0203001,165,False,165,False,165,False
001706:article:0204001,104,False,104,False,104,False
001706:article:0205001,107,False,107,False,107,False
001706:article:0206001,77,False,77,False,77,False
001706:article:0207001,109,False,109,False,109,False
001706:article:0208001,64,False,64,False,64,False
001706:article:0209001,100,False,100,False,100,False
001706:article:0210001,26,False,26,False,26,False
001706:article:0211001,36,False,36,False,36,False
001706:article:0212001,43,False,43,False,43,False
001706:article:0213001,63,False,63,False,63,False
001706:article:0214001,73,False,73,False,73,False
001706:article:0215001,83,False,83,False,83,False
001706:article:0216001,95,False,95,False,95,False
001706:article:0217001,113,False,113,False,113,False
001706:article:0218001,151,False,151,False,151,False
001706:article:0219001,138,False,138,False,138,False
001706:article:0220001,95,False,95,False,95,False
001706:article:0221001,74,False,74,False,74,False
001706:article:0222001,43,False,43,False,43,False
001706:article:0223001,101,False,101,False,101,False
001706:article:0224001,37,False,37,False,37,False
001706:article:0225001,40,False,40,False,40,False
001706:article:0226001,92,False,92,False,92,False
001706:article:0227001,81,False,81,False,81,False
001706:article:0228001,69,False,69,False,69,False
001706:article:0229001,112,False,112,False,112,False
001706:article:0230001,103,False,103,False,103,False
001706:article:0231001,76,False,76,False,76,False
001706:article:0232001,62,False,62,False,62,False
001706:article:0233001,62,False,62,False,62,False
001706:article:0234001,34,False,34,False,34,False
001706:article:0235001,57,False,57,False,57,False
001706:article:0236001,113,False,113,False,113,False
001706:article:0237001,95,False,95,False,95,False
001706:article:0238001,61,False,61,False,61,False
001706:article:0239001,74,False,74,False,74,False
001706:article:0240001,95,False,95,False,95,False
001706:article:0241001,58,False,58,False,58,False
001706:article:0242001,101,False,101,False,101,False
001706:article:0243001,51,False,51,False,51,False
001706:article:0244001,114,False,114,False,114,False
001706:article:0245001,88,False,88,False,88,False
001706:article:0246001,74,False,74,False,74,False
001706:article:0247001,74,False,74,False,74,False
001706:article:0248001,39,False,39,False,39,False
001706:article:0249001,59,False,59,False,59,False
001706:article:0250001,81,False,81,False,81,False
001706:article:0251001,82,False,82,False,82,False
001706:article:0252001,78,False,78,False,78,False
001706:article:0253001,61,False,61,False,61,False
001706:article:0254001,81,False,81,False,81,False
001706:article:0255001,106,False,106,False,106,False
001706:article:0256001,48,False,48,False,48,False
001706:article:0257001,96,False,96,False,96,False
001706:article:0258001,36,False,36,False,36,False
001706:article:0259001,96,False,96,False,96,False
001706:article:0260001,110,False,110,False,110,False
001706:article:0261001,45,False,45,False,45,False
001706:article:0262001,48,False,48,False,48,False
001706:article:0263001,49,False,49,False,49,False
001706:article:0264001,32,False,32,False,32,False
001706:article:0265001,47,False,47,False,47,False
001706:article:0266001,70,False,70,False,70,False
001706:article:0267001,50,False,50,False,50,False
001706:article:0268001,105,False,105,False,105,False
001706:article:0269001,87,False,87,False,87,False
001706:article:0270001,50,False,50,False,50,False
001706:article:0271001,80,False,80,False,80,False
001706:article:0272001,49,False,49,False,49,False
001706:article:0273001,63,False,63,False,63,False
001706:article:0274001,62,False,62,False,62,False
001706:article:0275001,65,False,65,False,65,False
001706:article:0276001,65,False,65,False,65,False
001706:article:0277001,44,False,44,False,44,False
001706:article:0278001,42,False,42,False,42,False
001706:article:0279001,40,False,40,False,40,False
001706:article:0280001,133,False,133,False,133,False
001706:article:0281001,94,False,94,False,94,False
001706:article:0282001,47,False,47,False,47,False
001706:article:0283001,109,False,109,False,109,False
001706:article:0284001,71,False,71,False,71,False
001706:article:0285001,101,False,101,False,101,False
001706:article:0286001,56,False,56,False,56,False
001706:article:0287001,51,False,51,False,51,False
001706:article:0288001,81,False,81,False,81,False
001706:article:0289001,41,False,41,False,41,False
001706:article:0289021,152,False,152,False,152,False
001706:article:0290001,101,False,101,False,101,False
001706:article:0291001,37,False,37,False,37,False
001706:article:0292001,79,False,79,False,79,False
001706:article:0293001,118,False,118,False,118,False
001706:article:0294001,34,False,34,False,34,False
001706:article:0295001,65,False,65,False,65,False
001706:article:0296001,54,False,54,False,54,False
001706:article:0297001,107,False,107,False,107,False
001706:article:0298001,69,False,69,False,69,False
001706:article:0299001,46,False,46,False,46,False
001706:article:0300001,89,False,89,False,89,False
001706:article:0301001,25,False,25,False,25,False
001706:article:0302001,68,False,68,False,68,False
001706:article:0303001,92,False,92,False,92,False
001706:article:0304001,103,False,103,False,103,False
001706:article:0305001,124,False,124,False,124,False
001706:article:0306001,73,False,73,False,73,False
001706:article:0307001,46,False,46,False,46,False
001706:article:0308001,60,False,60,False,60,False
001706:article:0309001,43,False,43,False,43,False
001706:article:0310001,104,False,104,False,104,False
001706:article:0311001,102,False,102,False,102,False
001706:article:0312001,238,False,238,False,238,False
001706:article:0312021,91,False,91,False,91,False
001706:article:0313001,79,False,79,False,79,False
001706:article:0314001,121,False,121,False,121,False
001706:article:0315001,114,False,114,False,114,False
001706:article:0316001,180,False,180,False,180,False
001706:article:0317001,72,False,72,False,72,False
001706:article:0318001,78,False,78,False,78,False
001706:article:0319001,62,False,62,False,62,False
001706:article:0320001,83,False,83,False,83,False
001706:article:0321001,42,False,42,False,42,False
001706:article:0322001,93,False,93,False,93,False
001706:article:0323001,88,False,88,False,88,False
001706:article:0324001,111,False,111,False,111,False
001706:article:0325001,127,False,127,False,127,False
001706:article:0326001,41,False,41,False,41,False
001706:article:0327001,40,False,40,False,40,False
001706:article:0328001,34,False,34,False,34,False
001706:article:0329001,62,False,62,False,62,False
001706:article:0330001,33,False,33,False,33,False
001706:article:0331001,28,False,28,False,28,False
001706:article:0332001,38,False,38,False,38,False
001706:article:0333001,48,False,48,False,48,False
001706:article:0334001,80,False,80,False,80,False
001706:article:0335001,50,False,50,False,50,False
001706:article:0336001,61,False,61,False,61,False
001706:article:0337001,117,False,117,False,117,False
001706:article:0338001,93,False,93,False,93,False
001706:article:0339001,73,False,73,False,73,False
001706:article:0340001,98,False,98,False,98,False
001706:article:0341001,74,False,74,False,74,False
001706:article:0342001,62,False,62,False,62,False
001706:article:0343001,44,False,44,False,44,False
001706:article:0344001,35,False,35,False,35,False
001706:article:0345001,40,False,40,False,40,False
001706:article:0346001,41,False,41,False,41,False
001706:article:0347001,52,False,52,False,52,False
001706:article:0348001,63,False,63,False,63,False
001706:article:0349001,101,False,101,False,101,False
001706:article:0350001,51,False,51,False,51,False
001706:article:0351001,46,False,46,False,46,False
001706:article:0352001,54,False,54,False,54,False
001706:article:0353001,161,False,161,False,161,False
001706:article:0354001,50,False,50,False,50,False
001706:article:0355001,33,False,33,False,33,False
001706:article:0356001,58,False,58,False,58,False
001706:article:0357001,90,False,90,False,90,False
001706:article:0358001,63,False,63,False,63,False
001706:article:0359001,110,False,110,False,110,False
001706:article:0360001,88,False,88,False,88,False
001706:article:0361001,44,False,44,False,44,False
001706:article:0362001,70,False,70,False,70,False
001706:article:0363001,68,False,68,False,68,False
001706:article:0364001,65,False,65,False,65,False
001706:article:0365001,82,False,82,False,82,False
001706:article:0366001,74,False,74,False,74,False
001706:article:0367001,78,False,78,False,78,False
001706:article:0368001,176,False,176,False,176,False
001706:article:0369001,42,False,42,False,42,False
001706:article:0370001,47,False,47,False,47,False
001706:article:0371001,82,False,82,False,82,False
001706:article:0372001,34,False,34,False,34,False
001706:article:0373001,33,False,33,False,33,False
001706:article:0374001,52,False,52,False,52,False
001706:article:0375001,105,False,105,False,105,False
001706:article:0376001,57,False,57,False,57,False
001706:article:0377001,97,False,97,False,97,False
001706:article:0378001,52,False,52,False,52,False
001706:article:0379001,39,False,39,False,39,False
001706:article:0380001,49,False,49,False,49,False
001706:article:0381001,124,False,124,False,124,False
001706:article:0382001,59,False,59,False,59,False
001706:article:0383001,63,False,63,False,63,False
001706:article:0384001,81,False,81,False,81,False
001706:article:0385001,86,False,86,False,86,False
001706:article:0386001,41,False,41,False,41,False
001706:article:0387001,108,False,108,False,108,False
001706:article:0388001,68,False,68,False,68,False
001706:article:0389001,217,False,217,False,217,False
001706:article:0390001,73,False,73,False,73,False
001706:article:0391001,66,False,66,False,66,False
001706:article:0392001,67,False,67,False,67,False
001706:article:0393001,69,False,69,False,69,False
001706:article:0394001,29,False,29,False,29,False
001706:article:0395001,102,False,102,False,102,False
001706:article:0396001,50,False,50,False,50,False
001706:article:0397001,101,False,101,False,101,False
001706:article:0398001,140,False,140,False,140,False
001706:article:0399001,58,False,58,False,58,False
001706:article:0400001,43,False,43,False,43,False
001706:article:0401001,48,False,48,False,48,False
001706:article:0402001,34,False,34,False,34,False
001706:article:0403001,52,False,52,False,52,False
001706:article:0404001,91,False,91,False,91,False
001706:article:0405001,83,False,83,False,83,False
001706:article:0406001,124,False,124,False,124,False
001706:article:0407001,44,False,44,False,44,False
001706:article:0408001,54,False,54,False,54,False
001706:article:0409001,78,False,78,False,78,False
001706:article:0410001,130,False,130,False,130,False
001706:article:0411001,64,False,64,False,64,False
001706:article:0412001,78,False,78,False,78,False
001706:article:0413001,62,False,62,False,62,False
001706:article:0414001,62,False,62,False,62,False
001706:article:0415001,51,False,51,False,51,False
001706:article:0416001,43,False,43,False,43,False
001706:article:0417001,52,False,52,False,52,False
001706:article:0418001,103,False,103,False,103,False
001706:article:0419001,54,False,54,False,54,False
001706:article:0420001,55,False,55,False,55,False
001706:article:0421001,54,False,54,False,54,False
001706:article:0422001,45,False,45,False,45,False
001706:article:0423001,42,False,42,False,42,False
001706:article:0424001,34,False,34,False,34,False
001706:article:0425001,89,False,89,False,89,False
001706:article:0426001,201,False,201,False,201,False
001706:article:0427001,147,False,147,False,147,False
001706:article:0428001,49,False,49,False,49,False
001706:article:0428021,125,False,125,False,125,False
001706:article:0428031,86,False,86,False,86,False
001706:article:0429001,74,False,74,False,74,False
001706:article:0430001,43,False,43,False,43,False
001706:article:0431001,91,False,91,False,91,False
001706:article:0432001,37,False,37,False,37,False
001706:article:0433001,54,False,54,False,54,False
001706:article:0434001,40,False,40,False,40,False
001706:article:0435001,60,False,60,False,60,False
001706:article:0436021,285,False,285,False,285,False
001706:article:0437001,104,False,104,False,104,False
001706:article:0438001,80,False,80,False,80,False
001706:article:0439001,43,False,43,False,43,False
001706:article:0440001,42,False,42,False,42,False
001706:article:0441001,79,False,79,False,79,False
001706:article:0442001,170,False,170,False,170,False
001706:article:0443001,97,False,97,False,97,False
001706:article:0444001,159,False,159,False,159,False
001706:article:0445001,169,False,169,False,169,False
001706:article:0446001,88,False,88,False,88,False
001706:article:0447001,69,False,69,False,69,False
001706:article:0448001,113,False,113,False,113,False
001706:article:0449001,82,False,82,False,82,False
001706:article:0450001,91,False,91,False,91,False
001706:article:0451001,149,False,149,False,149,False
001706:article:0452001,92,False,92,False,92,False
001706:article:0453001,90,False,90,False,90,False
001706:article:0454001,72,False,72,False,72,False
001706:article:0455001,75,False,75,False,75,False
001706:article:0456001,49,False,49,False,49,False
001706:article:0457001,64,False,64,False,64,False
001706:article:0458001,39,False,39,False,39,False
001706:article:0459001,70,False,70,False,70,False
001706:article:0460001,74,False,74,False,74,False
001706:article:0461001,32,False,32,False,32,False
001706:article:0462001,41,False,41,False,41,False
001706:article:0463001,51,False,51,False,51,False
001706:article:0464001,61,False,61,False,61,False
001706:article:0465001,91,False,91,False,91,False
001706:article:0466001,55,False,55,False,55,False
001706:article:0467001,107,False,107,False,107,False
001706:article:0468001,50,False,50,False,50,False
001706:article:0469001,78,False,78,False,78,False
001706:article:0470001,49,False,49,False,49,False
001706:article:0471001,68,False,68,False,68,False
001706:article:0472001,49,False,49,False,49,False
001706:article:0473001,63,False,63,False,63,False
001706:article:0474001,31,False,31,False,31,False
001706:article:0475001,69,False,69,False,69,False
001706:article:0476001,156,False,156,False,156,False
001706:article:0477001,178,False,178,False,178,False
001706:article:0478001,57,False,57,False,57,False
001706:article:0479001,95,False,95,False,95,False
001706:article:0480001,65,False,65,False,65,False
001706:article:0481001,35,False,35,False,35,False
001706:article:0482001,326,False,326,False,326,False
001706:article:0483001,99,False,99,False,99,False
001706:article:0484001,107,False,107,False,107,False
001706:article:0485001,88,False,88,False,88,False
001706:article:0486001,54,False,54,False,54,False
001706:article:0487001,72,False,72,False,72,False
001706:article:0488001,88,False,88,False,88,False
001706:article:0489001,99,False,99,False,99,False
001706:article:0490001,79,False,79,False,79,False
001706:article:0491001,55,False,55,False,55,False
001706:article:0492001,121,False,121,False,121,False
001706:article:0493001,76,False,76,False,76,False
001706:article:0494001,55,False,55,False,55,False
001706:article:0495001,50,False,50,False,50,False
001706:article:0496001,52,False,52,False,52,False
001706:article:0497001,52,False,52,False,52,False
001706:article:0498001,60,False,60,False,60,False
001706:article:0499001,30,False,30,False,30,False
001706:article:0500001,44,False,44,False,44,False
001706:article:0501001,55,False,55,False,55,False
001706:article:0502001,48,False,48,False,48,False
001706:article:0503001,49,False,49,False,49,False
001706:article:0504001,57,False,57,False,57,False
001706:article:0505001,61,False,61,False,61,False
001706:article:0506001,61,False,61,False,61,False
001706:article:0507001,59,False,59,False,59,False
001706:article:0508001,43,False,43,False,43,False
001706:article:0509001,58,False,58,False,58,False
001706:article:0510001,73,False,73,False,73,False
001706:article:0511001,115,False,115,False,115,False
001706:article:0512001,38,False,38,False,38,False
001706:article:0513001,109,False,109,False,109,False
001706:article:0514001,71,False,71,False,71,False
001706:article:0515001,72,False,72,False,72,False
001706:article:0516001,57,False,57,False,57,False
001706:article:0517001,61,False,61,False,61,False
001706:article:0518001,95,False,95,False,95,False
001706:article:0519001,32,False,32,False,32,False
001706:article:0520001,76,False,76,False,76,False
001706:article:0521001,55,False,55,False,55,False
001706:article:0522001,65,False,65,False,65,False
001706:article:0523001,41,False,41,False,41,False
001706:article:0524001,35,False,35,False,35,False
001706:article:0525001,48,False,48,False,48,False
001706:article:0526001,54,False,54,False,54,False
001706:article:0527001,27,False,27,False,27,False
001706:article:0528001,154,False,154,False,154,False
001706:article:0529001,61,False,61,False,61,False
001706:article:0530001,41,False,41,False,41,False
001706:article:0531001,36,False,36,False,36,False
001706:article:0532001,59,False,59,False,59,False
001706:article:0533001,48,False,48,False,48,False
001706:article:0534001,52,False,52,False,52,False
001706:article:0535001,115,False,115,False,115,False
001706:article:0536001,115,False,115,False,115,False
001706:article:0537001,63,False,63,False,63,False
001706:article:0538001,127,False,127,False,127,False
001706:article:0539001,88,False,88,False,88,False
001706:article:0540001,88,False,88,False,88,False
001706:article:0541001,43,False,43,False,43,False
001706:article:0542001,43,False,43,False,43,False
001706:article:0543001,73,False,73,False,73,False
001706:article:0544001,87,False,87,False,87,False
001706:article:0545001,87,False,87,False,87,False
001706:article:0546001,41,False,41,False,41,False
001706:article:0547001,90,False,90,False,90,False
001706:article:0548001,85,False,85,False,85,False
001706:article:0549001,33,False,33,False,33,False
001706:article:0550001,40,False,40,False,40,False
001706:article:0551001,39,False,39,False,39,False
001706:article:0552001,86,False,86,False,86,False
001706:article:0553001,74,False,74,False,74,False
001706:article:0554001,50,False,50,False,50,False
001706:article:0555001,43,False,43,False,43,False
001706:article:0556001,130,False,130,False,130,False
001706:article:0557001,65,False,65,False,65,False
001706:article:0558001,43,False,43,False,43,False
001706:article:0559001,100,False,100,False,100,False
001706:article:0560001,45,False,45,False,45,False
001706:article:0561001,38,False,38,False,38,False
001706:article:0562001,36,False,36,False,36,False
001706:article:0563001,51,False,51,False,51,False
001706:article:0564001,115,False,115,False,115,False
001706:article:0565001,114,False,114,False,114,False
001706:article:0566001,34,False,34,False,34,False
001706:article:0567001,51,False,51,False,51,False
001706:article:0568001,72,False,72,False,72,False
001706:article:0569001,42,False,42,False,42,False
001706:article:0570001,83,False,83,False,83,False
001706:article:0571001,131,False,131,False,131,False
001706:article:0572001,146,False,146,False,146,False
001706:article:0573001,47,False,47,False,47,False
001706:article:0574001,81,False,81,False,81,False
001706:article:0575001,163,False,163,False,163,False
001706:article:0576001,138,False,138,False,138,False
001706:article:0577001,64,False,64,False,64,False
001706:article:0578001,164,False,164,False,164,False
001706:article:0579001,88,False,88,False,88,False
001706:article:0580001,85,False,85,False,85,False
001706:article:0581001,86,False,86,False,86,False
001706:article:0582001,38,False,38,False,38,False
001706:article:0583001,49,False,49,False,49,False
001706:article:0584001,68,False,68,False,68,False
001706:article:0585001,56,False,56,False,56,False
001706:article:0586001,37,False,37,False,37,False
001706:article:0587001,81,False,81,False,81,False
001706:article:0588001,101,False,101,False,101,False
001706:article:0589001,39,False,39,False,39,False
001706:article:0590001,114,False,114,False,114,False
001706:article:0591001,98,False,98,False,98,False
001706:article:0592001,49,False,49,False,49,False
001706:article:0593001,97,False,97,False,97,False
001706:article:0594001,107,False,107,False,107,False
001706:article:0595001,102,False,102,False,102,False
001706:article:0596001,44,False,44,False,44,False
001706:article:0597001,60,False,60,False,60,False
001706:article:0598001,68,False,68,False,68,False
001706:article:0599001,54,False,54,False,54,False
001706:article:0600001,68,False,68,False,68,False
001706:article:0601001,61,False,61,False,61,False
001706:article:0602001,92,False,92,False,92,False
001706:article:0603001,75,False,75,False,75,False
001706:article:0604001,70,False,70,False,70,False
001706:article:0605001,68,False,68,False,68,False
001706:article:0606001,56,False,56,False,56,False
001706:article:0607001,75,False,75,False,75,False
001706:article:0608001,54,False,54,False,54,False
001706:article:0609001,70,False,70,False,70,False
001706:article:0610001,89,False,89,False,89,False
001706:article:0611001,46,False,46,False,46,False
001706:article:0612001,30,False,30,False,30,False
001706:article:0613001,90,False,90,False,90,False
001706:article:0614001,40,False,40,False,40,False
001706:article:0615001,51,False,51,False,51,False
001706:article:0616001,35,False,35,False,35,False
001706:article:0617001,76,False,76,False,76,False
001706:article:0618001,58,False,58,False,58,False
001706:article:0619001,123,False,123,False,123,False
001706:article:0620001,68,False,68,False,68,False
001706:article:0621001,80,False,80,False,80,False
001706:article:0622001,97,False,97,False,97,False
001706:article:0623001,43,False,43,False,43,False
001706:article:0624001,45,False,45,False,45,False
001706:article:0625001,65,False,65,False,65,False
001706:article:0626001,126,False,126,False,126,False
001706:article:0627001,106,False,106,False,106,False
001706:article:0628001,68,False,68,False,68,False
001706:article:0629001,66,False,66,False,66,False
001706:article:0630001,94,False,94,False,94,False
001706:article:0631001,55,False,55,False,55,False
001706:article:0632001,52,False,52,False,52,False
001706:article:0633001,61,False,61,False,61,False
001706:article:0634001,66,False,66,False,66,False
001706:article:0635001,124,False,124,False,124,False
001706:article:0636001,64,False,64,False,64,False
001706:article:0637001,98,False,98,False,98,False
001706:article:0638001,104,False,104,False,104,False
001706:article:0639001,124,False,124,False,124,False
001706:article:0640001,54,False,54,False,54,False
001706:article:0641001,45,False,45,False,45,False
001706:article:0642001,66,False,66,False,66,False
001706:article:0643001,79,False,79,False,79,False
001706:article:0644001,146,False,146,False,146,False
001706:article:0645001,49,False,49,False,49,False
001706:article:0646001,94,False,94,False,94,False
001706:article:0647001,116,False,116,False,116,False
001706:article:0648001,84,False,84,False,84,False
001706:article:0649001,73,False,73,False,73,False
001706:article:0650001,77,False,77,False,77,False
001706:article:0652001,77,False,77,False,77,False
001706:article:0653001,72,False,72,False,72,False
001706:article:0654001,42,False,42,False,42,False
001706:article:0655001,53,False,53,False,53,False
001706:article:0656001,81,False,81,False,81,False
001706:article:0657001,98,False,98,False,98,False
001706:article:0658001,81,False,81,False,81,False
001706:article:0659001,103,False,103,False,103,False
001706:article:0660001,116,False,116,False,116,False
001706:article:0661001,75,False,75,False,75,False
001706:article:0662001,114,False,114,False,114,False
001706:article:0663001,77,False,77,False,77,False
001706:article:0664001,53,False,53,False,53,False
001706:article:0665001,72,False,72,False,72,False
001706:article:0666001,59,False,59,False,59,False
001706:article:0667001,132,False,132,False,132,False
001706:article:0668001,63,False,63,False,63,False
001706:article:0669001,97,False,97,False,97,False
001706:article:0670001,83,False,83,False,83,False
001706:article:0671001,141,False,141,False,141,False
001706:article:0672001,56,False,56,False,56,False
001706:article:0673001,42,False,42,False,42,False
001706:article:0674001,109,False,109,False,109,False
001706:article:0674021,67,False,67,False,67,False
001706:article:0674031,53,False,53,False,53,False
001706:article:0674041,167,False,167,False,167,False
001706:article:0674051,59,False,59,False,59,False
001706:article:0674061,159,False,159,False,159,False
001706:article:0674071,179,False,179,False,179,False
001706:article:0674081,60,False,60,False,60,False
001706:article:0674091,61,False,61,False,61,False
001706:article:0675001,56,False,56,False,56,False
001706:article:0676001,98,False,98,False,98,False
001706:article:0677001,37,False,37,False,37,False
001706:article:0678001,191,False,191,False,191,False
001706:article:0679001,128,False,128,False,128,False
001706:article:0680001,47,False,47,False,47,False
001706:article:0681001,41,False,41,False,41,False
001706:article:0682001,94,False,94,False,94,False
001706:article:0683001,54,False,54,False,54,False
001706:article:0684001,79,False,79,False,79,False
001706:article:0685001,68,False,68,False,68,False
001706:article:0686001,133,False,133,False,133,False
001706:article:0687001,46,False,46,False,46,False
001706:article:0688001,156,False,156,False,156,False
001706:article:0689001,70,False,70,False,70,False
001706:article:0690001,53,False,53,False,53,False
001706:article:0691001,94,False,94,False,94,False
001706:article:0692001,51,False,51,False,51,False
001706:article:0693001,52,False,52,False,52,False
001706:article:0694001,33,False,33,False,33,False
001706:article:0695001,38,False,38,False,38,False
001706:article:0696001,57,False,57,False,57,False
001706:article:0697001,70,False,70,False,70,False
001706:article:0698001,64,False,64,False,64,False
001706:article:0699001,43,False,43,False,43,False
001706:article:0700001,58,False,58,False,58,False
001706:article:0701001,44,False,44,False,44,False
001706:article:0702001,64,False,64,False,64,False
001706:article:0703001,59,False,59,False,59,False
001706:article:0704001,31,False,31,False,31,False
001706:article:0705001,48,False,48,False,48,False
001706:article:0706001,137,False,137,False,137,False
001706:article:0707001,37,False,37,False,37,False
001706:article:0708001,46,False,46,False,46,False
001706:article:0709001,40,False,40,False,40,False
001706:article:0710001,37,False,37,False,37,False
001706:article:0711001,79,False,79,False,79,False
001706:article:0712001,59,False,59,False,59,False
001706:article:0713001,61,False,61,False,61,False
001706:article:0714001,54,False,54,False,54,False
001706:article:0715001,39,False,39,False,39,False
001706:article:0716001,102,False,102,False,102,False
001706:article:0717001,58,False,58,False,58,False
001706:article:0718001,66,False,66,False,66,False
001706:article:0719001,95,False,95,False,95,False
001706:article:0720001,41,False,41,False,41,False
001706:article:0721001,64,False,64,False,64,False
001706:article:0722001,38,False,38,False,38,False
001706:article:0723001,41,False,41,False,41,False
001706:article:0724001,66,False,66,False,66,False
001706:article:0725001,67,False,67,False,67,False
001706:article:0726001,27,False,27,False,27,False
001706:article:0727001,124,False,124,False,124,False
001706:article:0728001,30,False,30,False,30,False
001706:article:0729001,92,False,92,False,92,False
001706:article:0730001,38,False,38,False,38,False
001706:article:0731001,43,False,43,False,43,False
001706:article:0732001,52,False,52,False,52,False
001706:article:0733001,62,False,62,False,62,False
001706:article:0734001,135,False,135,False,135,False
001706:article:0735001,66,False,66,False,66,False
001706:article:0736001,45,False,45,False,45,False
001706:article:0737001,66,False,66,False,66,False
001706:article:0738001,30,False,30,False,30,False
001706:article:0739001,109,False,109,False,109,False
001706:article:0740001,58,False,58,False,58,False
001706:article:0741001,55,False,55,False,55,False
001706:article:0742001,32,False,32,False,32,False
001706:article:0743001,70,False,70,False,70,False
001706:article:0744001,54,False,54,False,54,False
001706:article:0745001,102,False,102,False,102,False
001706:article:0746001,59,False,59,False,59,False
001706:article:0747001,98,False,98,False,98,False
001706:article:0748001,67,False,67,False,67,False
001706:article:0749001,74,False,74,False,74,False
001706:article:0750001,43,False,43,False,43,False
001706:article:0751001,96,False,96,False,96,False
001706:article:0752001,55,False,55,False,55,False
001706:article:0753001,46,False,46,False,46,False
001706:article:0754001,58,False,58,False,58,False
001706:article:0755001,109,False,109,False,109,False
001706:article:0756001,145,False,145,False,145,False
001706:article:0757001,62,False,62,False,62,False
001706:article:0758001,154,False,154,False,154,False
001706:article:0759001,95,False,95,False,95,False
001706:article:0760001,90,False,90,False,90,False
001706:article:0761001,104,False,104,False,104,False
001706:article:0762001,44,False,44,False,44,False
001706:article:0763001,45,False,45,False,45,False
001706:article:0764001,70,False,70,False,70,False
001706:article:0765001,117,False,117,False,117,False
001706:article:0766001,153,False,153,False,153,False
001706:article:0767001,26,False,26,False,26,False
001706:article:0768001,81,False,81,False,81,False
001706:article:0769001,46,False,46,False,46,False
001706:article:0770001,92,False,92,False,92,False
001706:article:0771001,62,False,62,False,62,False
001706:article:0772001,90,False,90,False,90,False
001706:article:0775001,70,False,70,False,70,False
001706:article:0776001,38,False,38,False,38,False
001706:article:0777001,64,False,64,False,64,False
001706:article:0779001,76,False,76,False,76,False
001706:article:0781001,286,False,286,False,286,False
001706:article:0800001,25,False,25,False,25,False
001706:article:0801001,43,False,43,False,43,False
001706:article:0802001,47,False,47,False,47,False
001706:article:0803001,31,False,31,False,31,False
001706:article:0804001,184,False,184,False,184,False
001706:article:0805001,60,False,60,False,60,False
001706:article:0806001,131,False,131,False,131,False
001706:article:0807001,31,False,31,False,31,False
001706:article:0808001,104,False,104,False,104,False
001706:article:0809001,138,False,138,False,138,False
001706:article:0810001,25,False,25,False,25,False
001706:article:0812001,78,False,78,False,78,False
001706:article:0813001,66,False,66,False,66,False
001706:article:0814001,107,False,107,False,107,False
001706:article:0815001,106,False,106,False,106,False
001706:article:0816001,158,False,158,False,158,False
001706:article:0817001,102,False,102,False,102,False
001706:article:0818001,58,False,58,False,58,False
001706:article:0819001,75,False,75,False,75,False
001706:article:0820001,67,False,67,False,67,False
001706:article:0822001,68,False,68,False,68,False
001706:article:0823001,65,False,65,False,65,False
001706:article:0824001,34,False,34,False,34,False
001706:article:0824021,58,False,58,False,58,False
001706:article:0825001,41,False,41,False,41,False
001706:article:0826001,108,False,108,False,108,False
001706:article:0826021,31,False,31,False,31,False
001706:article:0827001,56,False,56,False,56,False
001706:article:0829001,281,False,281,False,281,False
001706:article:0830001,89,False,89,False,89,False
001706:article:0831001,32,False,32,False,32,False
001706:article:0832001,80,False,80,False,80,False
001706:article:0833001,36,False,36,False,36,False
001706:article:0834001,24,False,24,False,24,False
001706:article:0835001,41,False,41,False,41,False
001706:article:0836001,96,False,96,False,96,False
001706:article:0836021,342,False,342,False,342,False
001706:article:0837001,332,False,332,False,332,False
001706:article:0837021,236,False,236,False,236,False
001706:article:0838001,58,False,58,False,58,False
001706:article:0839001,28,False,28,False,28,False
001706:article:0839021,140,False,140,False,140,False
001706:article:0839031,111,False,111,False,111,False
001706:article:0840001,141,False,141,False,141,False
001706:article:0841001,73,False,73,False,73,False
001706:article:0842001,62,False,62,False,62,False
001706:article:0843001,149,False,149,False,149,False
001706:article:0844001,95,False,95,False,95,False
001706:article:0845001,64,False,64,False,64,False
001706:article:0846001,48,False,48,False,48,False
001706:article:0847001,114,False,114,False,114,False
001706:article:0848001,145,False,145,False,145,False
001706:article:0849001,56,False,56,False,56,False
001706:article:0850001,58,False,58,False,58,False
001706:article:0851001,104,False,104,False,104,False
001706:article:0852001,46,False,46,False,46,False
001706:article:0854001,46,False,46,False,46,False
001706:article:0854021,170,False,170,False,170,False
001706:article:0855001,84,False,84,False,84,False
001706:article:0855021,186,False,186,False,186,False
001706:article:0856001,40,False,40,False,40,False
001706:article:0857001,35,False,35,False,35,False
001706:article:0858001,32,False,32,False,32,False
001706:article:0859001,73,False,73,False,73,False
001706:article:0860001,43,False,43,False,43,False
001706:article:0861001,68,False,68,False,68,False
001706:article:0862001,46,False,46,False,46,False
001706:article:0863001,45,False,45,False,45,False
001706:article:0864001,78,False,78,False,78,False
001706:article:0864021,57,False,57,False,57,False
001706:article:0865001,136,False,136,False,136,False
001706:article:0866001,28,False,28,False,28,False
001706:article:0867001,102,False,102,False,102,False
001706:article:0869001,240,False,240,False,240,False
001706:article:0870001,237,False,237,False,237,False
001706:article:0871001,115,False,115,False,115,False
001706:article:0873001,148,False,148,False,148,False
001706:article:0874001,48,False,48,False,48,False
001706:article:0877001,23,False,23,False,23,False
001706:article:0878001,39,False,39,False,39,False
001706:article:0881001,66,False,66,False,66,False
001706:article:0882001,31,False,31,False,31,False
001706:article:0882021,53,False,53,False,53,False
001706:article:0883001,80,False,80,False,80,False
001706:article:0884001,160,False,160,False,160,False
001706:article:0885001,48,False,48,False,48,False
001706:article:0886001,80,False,80,False,80,False
001706:article:0887001,47,False,47,False,47,False
001706:article:0888001,34,False,34,False,34,False
001706:article:0889001,41,False,41,False,41,False
001706:article:0891001,94,False,94,False,94,False
001706:article:0893001,55,False,55,False,55,False
001706:article:0894001,97,False,97,False,97,False
001706:article:0896001,68,False,68,False,68,False
001706:article:0897001,89,False,89,False,89,False
001706:article:0898001,52,False,52,False,52,False
001706:article:0902001,45,False,45,False,45,False
001706:article:0903001,43,False,43,False,43,False
001706:article:0904001,60,False,60,False,60,False
001706:article:0905001,129,False,129,False,129,False
001706:article:0906001,216,False,216,False,216,False
001706:article:0907001,68,False,68,False,68,False
001706:article:0908001,37,False,37,False,37,False
001706:article:0908021,474,False,474,False,474,False
001706:article:0908031,117,False,117,False,117,False
001706:article:0908041,122,False,122,False,122,False
001706:article:0908051,147,False,147,False,147,False
001706:article:0908061,66,False,66,False,66,False
001706:article:0908071,84,False,84,False,84,False
001706:article:0908081,55,False,55,False,55,False
001706:article:0909001,316,False,316,False,316,False
001706:article:0909021,762,False,762,False,762,False
001706:article:0910001,45,False,45,False,45,False
001706:article:0911001,40,False,40,False,40,False
001706:article:0912001,95,False,95,False,95,False
001706:article:0913001,32,False,32,False,32,False
001706:article:0914001,27,False,27,False,27,False
001706:article:0916001,46,False,46,False,46,False
001706:article:0918001,198,False,198,False,198,False
001706:article:0919001,39,False,39,False,39,False
001706:article:0920001,64,False,64,False,64,False
001706:article:0920021,88,False,88,False,88,False
001706:article:0921001,117,False,117,False,117,False
001706:article:0922001,50,False,50,False,50,False
001706:article:0922021,95,False,95,False,95,False
001706:article:0923001,111,False,111,False,111,False
001706:article:0924001,218,False,218,False,218,False
001706:article:0924021,118,False,118,False,118,False
001706:article:0925001,93,False,93,False,93,False
001706:article:0925021,192,False,192,False,192,False
001706:article:0925031,82,False,82,False,82,False
001706:article:0926001,81,False,81,False,81,False
001706:article:0927001,88,False,88,False,88,False
001706:article:0927021,434,False,434,False,434,False
001706:article:0928001,87,False,87,False,87,False
001706:article:0929001,51,False,51,False,51,False
001706:article:0930001,74,False,74,False,74,False
001706:article:0931001,132,False,132,False,132,False
001706:article:0932001,214,False,214,False,214,False
001706:article:0936001,274,False,274,False,274,False
001706:article:0937001,209,False,209,False,209,False
001706:article:0938001,170,False,170,False,170,False
001706:article:0939001,61,False,61,False,61,False
001706:article:0940001,71,False,71,False,71,False
001706:article:0940021,46,False,46,False,46,False
001706:article:0940031,163,False,163,False,163,False
001706:article:0940041,141,False,141,False,141,False
001706:article:0940051,36,False,36,False,36,False
001706:article:0940061,119,False,119,False,119,False
001706:article:0940071,116,False,116,False,116,False
001706:article:0941001,95,False,95,False,95,False
001706:article:0942001,104,False,104,False,104,False
001706:article:0943001,60,False,60,False,60,False
001706:article:0944001,50,False,50,False,50,False
001706:article:0945001,131,False,131,False,131,False
001706:article:0946001,85,False,85,False,85,False
001706:article:0947001,95,False,95,False,95,False
001706:article:0947021,307,False,307,False,307,False
001706:article:0948001,68,False,68,False,68,False
001706:article:0949001,64,False,64,False,64,False
001706:article:0949021,181,False,181,False,181,False
001706:article:0949031,42,False,42,False,42,False
001706:article:0950001,237,False,237,False,237,False
001706:article:0951001,104,False,104,False,104,False
001706:article:0952001,34,False,34,False,34,False
001706:article:0953001,60,False,60,False,60,False
001706:article:0954001,101,False,101,False,101,False
001706:article:0955001,56,False,56,False,56,False
001706:article:0955021,42,False,42,False,42,False
001706:article:0956001,39,False,39,False,39,False
001706:article:0957001,99,False,99,False,99,False
001706:article:0958001,102,False,102,False,102,False
001706:article:0959001,37,False,37,False,37,False
001706:article:0959021,47,False,47,False,47,False
001706:article:0959031,101,False,101,False,101,False
001706:article:0959041,71,False,71,False,71,False
001706:article:0959051,245,False,245,False,245,False
001706:article:0959061,86,False,86,False,86,False
001706:article:0959071,59,False,59,False,59,False
001706:article:0959081,40,False,40,False,40,False
001706:article:0959091,109,False,109,False,109,False
001706:article:0959101,165,False,165,False,165,False
001706:article:0959111,96,False,96,False,96,False
001706:article:0959121,69,False,69,False,69,False
001706:article:0959131,58,False,58,False,58,False
001706:article:0959141,184,False,184,False,184,False
001706:article:0959151,274,False,274,False,274,False
001706:article:0959161,158,False,158,False,158,False
001706:article:0959171,159,False,159,False,159,False
001706:article:0959181,100,False,100,False,100,False
001706:article:0959191,54,False,54,False,54,False
001706:article:0959201,229,False,229,False,229,False
001706:article:0974001,61,False,61,False,61,False
001706:article:0975001,54,False,54,False,54,False
001706:article:0976001,115,False,115,False,115,False
001706:article:0977001,72,False,72,False,72,False
001706:article:0978001,87,False,87,False,87,False
001706:article:0979001,29,False,29,False,29,False
001706:article:0997001,30,False,30,False,30,False
001706:article:0998001,26,False,26,False,26,False
001706:article:0998021,26,False,26,False,26,False
001706:article:0999001,106,False,106,False,106,False
001706:article:1000001,141,False,141,False,141,False
001706:article:1001001,92,False,92,False,92,False
001706:article:1003001,138,False,138,False,138,False
001706:article:1004001,185,False,185,False,185,False
001706:article:1004021,626,False,626,False,626,False
001706:article:1005001,72,False,72,False,72,False
001706:article:1006001,41,False,41,False,41,False
001706:article:1007001,43,False,43,False,43,False
001706:article:1008001,149,False,149,False,149,False
001706:article:1008021,283,False,283,False,283,False
001706:article:1008031,62,False,62,False,62,False
001706:article:1009001,128,False,128,False,128,False
001706:article:1010001,151,False,151,False,151,False
001706:article:1011001,95,False,95,False,95,False
001706:article:1012001,78,False,78,False,78,False
001706:article:1013001,67,False,67,False,67,False
001706:article:1014001,88,False,88,False,88,False
001706:article:1015001,49,False,49,False,49,False
001706:article:1016001,56,False,56,False,56,False
001706:article:1017001,93,False,93,False,93,False
001706:article:1018001,107,False,107,False,107,False
001706:article:1019001,341,False,341,False,341,False
001706:article:1020001,61,False,61,False,61,False
001706:article:1021001,74,False,74,False,74,False
001706:article:1022001,54,False,54,False,54,False
001706:article:1023001,75,False,75,False,75,False
001706:article:1024001,108,False,108,False,108,False
001706:article:1025001,46,False,46,False,46,False
001706:article:1026001,122,False,122,False,122,False
001706:article:1027001,57,False,57,False,57,False
001706:article:1028001,61,False,61,False,61,False
001706:article:1029001,74,False,74,False,74,False
001706:article:1030001,134,False,134,False,134,False
001706:article:1031001,54,False,54,False,54,False
001706:article:1032001,111,False,111,False,111,False
001706:article:1033001,46,False,46,False,46,False
001706:article:1034001,193,False,193,False,193,False
001706:article:1035001,82,False,82,False,82,False
001706:article:1036001,54,False,54,False,54,False
001706:article:1037001,67,False,67,False,67,False
001706:article:1038001,334,False,334,False,334,False
001706:article:1039001,92,False,92,False,92,False
001706:article:1040001,157,False,157,False,157,False
001706:article:1041001,50,False,50,False,50,False
001706:article:1042001,34,False,34,False,34,False
001706:article:1043001,61,False,61,False,61,False
001706:article:1044001,82,False,82,False,82,False
001706:article:1045001,112,False,112,False,112,False
001706:article:1046001,128,False,128,False,128,False
001706:article:1047001,73,False,73,False,73,False
001706:article:1048001,93,False,93,False,93,False
001706:article:1049001,46,False,46,False,46,False
001706:article:1050001,50,False,50,False,50,False
001706:article:1051001,170,False,170,False,170,False
001706:article:1052001,94,False,94,False,94,False
001706:article:1053001,105,False,105,False,105,False
001706:article:1054001,56,False,56,False,56,False
001706:article:1055001,62,False,62,False,62,False
001706:article:1056001,132,False,132,False,132,False
001706:article:1057001,87,False,87,False,87,False
001706:article:1057021,136,False,136,False,136,False
001706:article:1058001,85,False,85,False,85,False
001706:article:1059001,66,False,66,False,66,False
001706:article:1060001,36,False,36,False,36,False
001706:article:1061001,34,False,34,False,34,False
001706:article:1062001,37,False,37,False,37,False
001706:article:1063001,70,False,70,False,70,False
001706:article:1064001,48,False,48,False,48,False
001706:article:1065001,45,False,45,False,45,False
001706:article:1066001,79,False,79,False,79,False
001706:article:1067001,60,False,60,False,60,False
001706:article:1068001,79,False,79,False,79,False
001706:article:1069001,145,False,145,False,145,False
001706:article:1070001,170,False,170,False,170,False
001706:article:1071001,63,False,63,False,63,False
001706:article:1072001,97,False,97,False,97,False
001706:article:1073001,76,False,76,False,76,False
001706:article:1074001,64,False,64,False,64,False
001706:article:1075001,53,False,53,False,53,False
001706:article:1076001,69,False,69,False,69,False
001706:article:1077001,100,False,100,False,100,False
001706:article:1078001,46,False,46,False,46,False
001706:article:1079001,62,False,62,False,62,False
001706:article:1080001,74,False,74,False,74,False
001706:article:1081001,53,False,53,False,53,False
001706:article:1082001,82,False,82,False,82,False
001706:article:1083001,66,False,66,False,66,False
001706:article:1084001,106,False,106,False,106,False
001706:article:1085001,70,False,70,False,70,False
001706:article:1086001,43,False,43,False,43,False
001706:article:1087001,148,False,148,False,148,False
001706:article:1088001,95,False,95,False,95,False
001706:article:1089001,74,False,74,False,74,False
001706:article:1090001,79,False,79,False,79,False
001706:article:1091001,82,False,82,False,82,False
001706:article:1092001,48,False,48,False,48,False
001706:article:1093001,41,False,41,False,41,False
001706:article:1094001,137,False,137,False,137,False
001706:article:1095001,45,False,45,False,45,False
001706:article:1096001,87,False,87,False,87,False
001706:article:1097001,164,False,164,False,164,False
001706:article:1098001,37,False,37,False,37,False
001706:article:1099001,42,False,42,False,42,False
001706:article:1100001,83,False,83,False,83,False
001706:article:1101001,46,False,46,False,46,False
001706:article:1102001,51,False,51,False,51,False
001706:article:1103001,75,False,75,False,75,False
001706:article:1104001,91,False,91,False,91,False
001706:article:1105001,48,False,48,False,48,False
001706:article:1106001,69,False,69,False,69,False
001706:article:1107001,32,False,32,False,32,False
001706:article:1108001,59,False,59,False,59,False
001706:article:1109001,56,False,56,False,56,False
001706:article:1110001,56,False,56,False,56,False
001706:article:1111001,92,False,92,False,92,False
001706:article:1112001,107,False,107,False,107,False
001706:article:1113001,95,False,95,False,95,False
001706:article:1114001,81,False,81,False,81,False
001706:article:1115001,134,False,134,False,134,False
001706:article:1116001,36,False,36,False,36,False
001706:article:1117001,80,False,80,False,80,False
001706:article:1118001,38,False,38,False,38,False
001706:supplement:1958022200471,2340,False,2340,False,2340,False
001706:supplement:1962122901237,26,False,26,False,26,False
001706:supplement:1962123101250,26,False,26,False,26,False
001706:supplement:1964123101668,26,False,26,False,26,False
001706:supplement:1970061802200,25,False,25,False,25,False
001706:supplement:1977123103051,209,False,209,False,209,False
001706:supplement:1984041003723,256,False,256,False,256,False
001706:supplement:1990011304199,913,False,913,False,913,False
001706:supplement:1997121305431,112,False,112,False,112,False
001706:supplement:1997121305454,57,False,57,False,57,False
001706:supplement:2001122906544,26,False,26,False,26,False
001706:supplement:2002011406591,483,False,483,False,483,False
001706:supplement:2005033107427,2607,False,2607,False,2607,False
001706:supplement:2005033107428,138,False,138,False,138,False
001706:supplement:2005122907765,98,False,98,False,98,False
001706:supplement:2007051708435,205,False,205,False,205,False
001706:supplement:2007122108720,243,False,243,False,243,False
001706:supplement:2009050809650,80,False,80,False,80,False
001706:supplement:2011030710429,252,False,252,False,252,False
001706:supplement:2011051910645,26,False,26,False,26,False
001706:supplement:2012021011300,314,False,314,False,314,False
001706:supplement:2013040511728,26,False,26,False,26,False
001706:supplement:2014101512777,115,False,115,False,115,False
001706:supplement:2014123012881,25,False,25,False,25,False
001706:supplement:2015020313124,106,False,106,False,106,False
001706:supplement:2015020313125,308,False,308,False,308,False
001706:supplement:2016010613710,25,False,25,False,25,False
001706:supplement:2016120214278,95,False,95,False,95,False
001706:supplement:2016122014409,68,False,68,False,68,False
001706:supplement:2017103114965,111,False,111,False,111,False
001706:supplement:2020102017503,113,False,113,False,113,False
001706:supplement:2021012617905,267,False,267,False,267,False
001706:supplement:2022121319069,249,False,249,False,249,False
001706:supplement:2022122719098,31,False,31,False,31,False
001706:supplement:2023051619409,124,False,124,False,124,False
001706:supplement:2024092020432,372,False,372,False,372,False
001706:supplement:2026031721454,318,False,318,False,318,False
001697:article:0001001,28,False,28,False,28,False
001697:article:0002001,170,False,170,False,170,False
001697:article:0003001,125,False,125,False,125,False
001697:article:0004001,86,False,86,False,86,False
001697:article:0005001,64,False,64,False,64,False
001697:article:0006001,83,False,83,False,83,False
001697:article:0007001,99,False,99,False,99,False
001697:article:0007021,225,False,225,False,225,False
001697:article:0007031,99,False,99,False,99,False
001697:article:0008001,40,False,40,False,40,False
001697:article:0009001,73,False,73,False,73,False
001697:article:0010001,194,False,194,False,194,False
001697:article:0011001,207,False,207,False,207,False
001697:article:0012001,124,False,124,False,124,False
001697:article:0013001,37,False,37,False,37,False
001697:article:0014001,203,False,203,False,203,False
001697:article:0015001,134,False,134,False,134,False
001697:article:0016001,36,False,36,False,36,False
001697:article:0017001,110,False,110,False,110,False
001697:article:0018001,83,False,83,False,83,False
001697:article:0019001,170,False,170,False,170,False
001697:article:0020001,94,False,94,False,94,False
001697:article:0021001,142,False,142,False,142,False
001697:article:0022001,97,False,97,False,97,False
001697:article:0023001,409,False,409,False,409,False
001697:article:0024001,253,False,253,False,253,False
001697:article:0025001,84,False,84,False,84,False
001697:article:0026001,106,False,106,False,106,False
001697:article:0027001,71,False,71,False,71,False
001697:article:0028001,98,False,98,False,98,False
001697:article:0029001,439,False,439,False,439,False
001697:article:0030001,43,False,43,False,43,False
001697:article:0031001,46,False,46,False,46,False
001697:article:0032001,267,False,267,False,267,False
001697:article:0033001,75,False,75,False,75,False
001697:article:0034001,66,False,66,False,66,False
001697:article:0035001,63,False,63,False,63,False
001697:article:0036001,156,False,156,False,156,False
001697:article:0037001,177,False,177,False,177,False
001697:article:0038001,279,False,279,False,279,False
001697:article:0039001,46,False,46,False,46,False
001697:article:0040001,490,False,490,False,490,False
001697:article:0041001,223,False,223,False,223,False
001697:article:0042001,154,False,154,False,154,False
001697:article:0043001,182,False,182,False,182,False
001697:article:0044001,105,False,105,False,105,False
001697:article:0045001,153,False,153,False,153,False
001697:article:0046001,171,False,171,False,171,False
001697:article:0047001,146,False,146,False,146,False
001697:article:0048001,207,False,207,False,207,False
001697:article:0049001,387,False,387,False,387,False
001697:article:0050001,188,False,188,False,188,False
001697:article:0051001,166,False,166,False,166,False
001697:article:0052001,174,False,174,False,174,False
001697:article:0053001,76,False,76,False,76,False
001697:article:0054001,46,False,46,False,46,False
001697:article:0055001,89,False,89,False,89,False
001697:article:0056001,112,False,112,False,112,False
001697:article:0057001,92,False,92,False,92,False
001697:article:0058001,234,False,234,False,234,False
001697:article:0059001,48,False,48,False,48,False
001697:article:0060001,165,False,165,False,165,False
001697:article:0061001,263,False,263,False,263,False
001697:article:0062001,102,False,102,False,102,False
001697:article:0063001,72,False,72,False,72,False
001697:article:0064001,55,False,55,False,55,False
001697:article:0065001,166,False,166,False,166,False
001697:article:0066001,220,False,220,False,220,False
001697:article:0067001,100,False,100,False,100,False
001697:article:0068001,79,False,79,False,79,False
001697:article:0069001,141,False,141,False,141,False
001697:article:0070001,158,False,158,False,158,False
001697:article:0071001,156,False,156,False,156,False
001697:article:0072001,182,False,182,False,182,False
001697:article:0073001,126,False,126,False,126,False
001697:article:0074001,205,False,205,False,205,False
001697:article:0075001,277,False,277,False,277,False
001697:article:0076001,222,False,222,False,222,False
001697:article:0077001,61,False,61,False,61,False
001697:article:0078001,240,False,240,False,240,False
001697:article:0079001,87,False,87,False,87,False
001697:article:0080001,118,False,118,False,118,False
001697:article:0081001,542,False,542,False,542,False
001697:article:0082001,108,False,108,False,108,False
001697:article:0082021,179,False,179,False,179,False
001697:article:0083001,176,False,176,False,176,False
001697:article:0084001,103,False,103,False,103,False
001697:article:0084021,238,False,238,False,238,False
001697:article:0085001,237,False,237,False,237,False
001697:article:0085021,133,False,133,False,133,False
001697:article:0086001,71,False,71,False,71,False
001697:article:0087001,155,False,155,False,155,False
001697:article:0087021,211,False,211,False,211,False
001697:article:0087031,150,False,150,False,150,False
001697:article:0088001,92,False,92,False,92,False
001697:article:0089001,69,False,69,False,69,False
001697:article:0090001,121,False,121,False,121,False
001697:article:0091001,44,False,44,False,44,False
001697:article:0092001,129,False,129,False,129,False
001697:article:0093001,91,False,91,False,91,False
001697:article:0094001,272,False,272,False,272,False
001697:article:0095001,68,False,68,False,68,False
001697:article:0096001,128,False,128,False,128,False
001697:article:0097001,126,False,126,False,126,False
001697:article:0098001,106,False,106,False,106,False
001697:article:0099001,319,False,319,False,319,False
001697:article:0100001,73,False,73,False,73,False
001697:article:0101001,82,False,82,False,82,False
001697:article:0102001,33,False,33,False,33,False
001697:article:0103001,143,False,143,False,143,False
001697:article:0104001,27,False,27,False,27,False
001697:article:0105001,101,False,101,False,101,False
001697:article:0106001,55,False,55,False,55,False
001697:article:0107001,63,False,63,False,63,False
001697:article:0108001,46,False,46,False,46,False
001697:article:0109001,83,False,83,False,83,False
001697:article:0109021,244,False,244,False,244,False
001697:article:0110001,154,False,154,False,154,False
001697:article:0111001,113,False,113,False,113,False
001697:article:0113001,28,False,28,False,28,False
001697:supplement:2011041210580,4058,False,4058,False,4058,False
001697:supplement:2011051910693,158,False,158,False,158,False
001697:supplement:2011072510924,221,False,221,False,221,False
001697:supplement:2013032311690,130,False,130,False,130,False
001697:supplement:2013052811826,128,False,128,False,128,False
001697:supplement:2014031812420,203,False,203,False,203,False
001697:supplement:2014031812421,131,False,131,False,131,False
001697:supplement:2014060312738,232,False,232,False,232,False
001697:supplement:2015072413426,183,False,183,False,183,False
001697:supplement:2015072413435,114,False,114,False,114,False
001697:supplement:2016011913797,158,False,158,False,158,False
001697:supplement:2016020313953,151,False,151,False,151,False
001697:supplement:2017101314901,71,False,71,False,71,False
001697:supplement:2020020416912,612,False,612,False,612,False
001697:supplement:2024092020435,831,False,831,False,831,False
001654:article:0001001,49,False,49,False,49,False
001654:article:0002001,325,False,325,False,325,False
001654:article:0002021,191,False,191,False,191,False
001654:article:0003001,64,False,64,False,64,False
001654:article:0004001,155,False,155,False,155,False
001654:article:0004031,128,False,128,False,128,False
001654:article:0005001,203,False,203,False,203,False
001654:article:0006001,53,False,53,False,53,False
001654:article:0007001,116,False,116,False,116,False
001654:article:0008001,41,False,41,False,41,False
001654:article:0009001,217,False,217,False,217,False
001654:article:0010001,620,False,620,False,620,False
001654:article:0010021,65,False,65,False,65,False
001654:article:0011001,104,False,104,False,104,False
001654:article:0012001,111,False,111,False,111,False
001654:article:0013001,387,False,387,False,387,False
001654:article:0014001,309,False,309,False,309,False
001654:article:0015001,176,False,176,False,176,False
001654:article:0016001,124,False,124,False,124,False
001654:article:0017001,81,False,81,False,81,False
001654:article:0018001,360,False,360,False,360,False
001654:article:0018021,402,False,402,False,402,False
001654:article:0018031,322,False,322,False,322,False
001654:article:0018041,51,False,51,False,51,False
001654:article:0019001,153,False,153,False,153,False
001654:article:0020001,264,False,264,False,264,False
001654:article:0021001,193,False,193,False,193,False
001654:article:0021021,181,False,181,False,181,False
001654:article:0022001,119,False,119,False,119,False
001654:article:0023001,271,False,271,False,271,False
001654:article:0024001,662,False,662,False,662,False
001654:article:0025001,470,False,470,False,470,False
001654:article:0025021,77,False,77,False,77,False
001654:article:0025031,146,False,146,False,146,False
001654:article:0026001,201,False,201,False,201,False
001654:article:0029001,140,False,140,False,140,False
001654:article:0030001,342,False,342,False,342,False
001654:article:0031001,286,False,286,False,286,False
001654:article:0032001,302,False,302,False,302,False
001654:article:0033001,643,False,643,False,643,False
001654:article:0034001,583,False,583,False,583,False
001654:article:0034021,135,False,135,False,135,False
001654:article:0035001,410,False,410,False,410,False
001654:article:0036001,356,False,356,False,356,False
001654:article:0037001,401,False,401,False,401,False
001654:article:0038001,957,False,957,False,957,False
001654:article:0039001,708,False,708,False,708,False
001654:article:0039021,94,False,94,False,94,False
001654:article:0040001,459,False,459,False,459,False
001654:article:0041001,276,False,276,False,276,False
001654:article:0042001,306,False,306,False,306,False
001654:article:0042021,123,False,123,False,123,False
001654:article:0042031,53,False,53,False,53,False
001654:article:0042041,159,False,159,False,159,False
001654:article:0042051,134,False,134,False,134,False
001654:article:0042061,81,False,81,False,81,False
001654:article:0043001,40,False,40,False,40,False
001654:article:0044001,154,False,154,False,154,False
001654:article:0045001,71,False,71,False,71,False
001654:article:0046001,276,False,276,False,276,False
001654:article:0047001,341,False,341,False,341,False
001654:article:0047021,463,False,463,False,463,False
001654:article:0048001,137,False,137,False,137,False
001654:article:0049001,584,False,584,False,584,False
001654:article:0050001,143,False,143,False,143,False
001654:article:0051001,1152,False,1152,False,1152,False
001654:supplement:2005072907638,1771,False,1771,False,1771,False
001654:supplement:2005120707710,163,False,163,False,163,False
001654:supplement:2006122808120,123,False,123,False,123,False
001654:supplement:2007080308635,178,False,178,False,178,False
001654:supplement:2008022908852,494,False,494,False,494,False
001654:supplement:2008022908863,143,False,143,False,143,False
001654:supplement:2008061309127,284,False,284,False,284,False
001654:supplement:2009040109596,31,False,31,False,31,False
001654:supplement:2011041210580,155,False,155,False,155,False
001654:supplement:2011051910663,104,False,104,False,104,False
001654:supplement:2013032311690,489,False,489,False,489,False
001654:supplement:2013060411866,341,False,341,False,341,False
001654:supplement:2013071711943,149,False,149,False,149,False
001654:supplement:2014012812374,217,False,217,False,217,False
001654:supplement:2014052112635,140,False,140,False,140,False
001654:supplement:2016010613726,188,False,188,False,188,False
001654:supplement:2016120214334,98,False,98,False,98,False
001654:supplement:2018041715597,123,False,123,False,123,False
001654:supplement:2018081415724,31,False,31,False,31,False
001654:supplement:2019082016489,216,False,216,False,216,False
001654:supplement:2020060917453,54,False,54,False,54,False
001654:supplement:2020120817608,31,False,31,False,31,False
001654:supplement:2020122917799,297,False,297,False,297,False
001654:supplement:2023041819371,237,False,237,False,237,False
001654:supplement:2023060119423,100,False,100,False,100,False
001654:supplement:2023122619841,117,False,117,False,117,False
001654:supplement:2025081421024,81,False,81,False,81,False
009290:article:0001001,67,False,67,False,67,False
009290:article:0002001,32,False,32,False,32,False
009290:article:0003001,85,False,85,False,85,False
009290:article:0004001,26,False,26,False,26,False
009290:article:0005001,130,False,130,False,130,False
009290:article:0006001,125,False,125,False,125,False
009290:article:0007001,134,False,134,False,134,False
009290:article:0008001,62,False,62,False,62,False
009290:article:0009001,51,False,51,False,51,False
009290:article:0010001,156,False,156,False,156,False
009290:article:0011001,179,False,179,False,179,False
009290:article:0012001,47,False,47,False,47,False
009290:article:0013001,91,False,91,False,91,False
009290:article:0014001,145,False,145,False,145,False
009290:article:0015001,474,False,474,False,474,False
009290:article:0016001,196,False,196,False,196,False
009290:article:0017001,90,False,90,False,90,False
009290:article:0018001,119,False,119,False,119,False
009290:article:0019001,134,False,134,False,134,False
009290:article:0020001,34,False,34,False,34,False
009290:article:0021001,34,False,34,False,34,False
009290:article:0022001,224,False,224,False,224,False
009290:article:0023001,87,False,87,False,87,False
009290:article:0024001,50,False,50,False,50,False
009290:article:0025001,116,False,116,False,116,False
009290:article:0026001,149,False,149,False,149,False
009290:article:0027001,108,False,108,False,108,False
009290:article:0028001,139,False,139,False,139,False
009290:article:0029001,88,False,88,False,88,False
009290:article:0030001,109,False,109,False,109,False
009290:article:0031001,114,False,114,False,114,False
009290:article:0032001,104,False,104,False,104,False
009290:article:0033001,59,False,59,False,59,False
009290:article:0034001,96,False,96,False,96,False
009290:article:0035001,155,False,155,False,155,False
009290:article:0036001,56,False,56,False,56,False
009290:article:0037001,39,False,39,False,39,False
009290:article:0038001,80,False,80,False,80,False
009290:article:0039001,210,False,210,False,210,False
009290:article:0040001,120,False,120,False,120,False
009290:article:0041001,119,False,119,False,119,False
009290:article:0042001,193,False,193,False,193,False
009290:article:0043001,110,False,110,False,110,False
009290:article:0044001,110,False,110,False,110,False
009290:article:0045001,123,False,123,False,123,False
009290:article:0046001,258,False,258,False,258,False
009290:article:0047001,96,False,96,False,96,False
009290:article:0048001,209,False,209,False,209,False
009290:article:0049001,268,False,268,False,268,False
009290:article:0050001,105,False,105,False,105,False
009290:article:0051001,120,False,120,False,120,False
009290:article:0052001,154,False,154,False,154,False
009290:article:0053001,73,False,73,False,73,False
009290:article:0054001,106,False,106,False,106,False
009290:article:0055001,106,False,106,False,106,False
009290:article:0056001,147,False,147,False,147,False
009290:article:0057001,59,False,59,False,59,False
009290:article:0058001,282,False,282,False,282,False
009290:article:0059001,200,False,200,False,200,False
009290:article:0060001,51,False,51,False,51,False
009290:article:0061001,153,False,153,False,153,False
009290:article:0062001,370,False,370,False,370,False
009290:article:0063001,176,False,176,False,176,False
009290:article:0064001,355,False,355,False,355,False
009290:article:0065001,115,False,115,False,115,False
009290:article:0066001,95,False,95,False,95,False
009290:article:0067001,49,False,49,False,49,False
009290:article:0068001,418,False,418,False,418,False
009290:article:0069001,64,False,64,False,64,False
009290:article:0070001,219,False,219,False,219,False
009290:article:0071001,130,False,130,False,130,False
009290:article:0072001,236,False,236,False,236,False
009290:article:0073001,266,False,266,False,266,False
009290:article:0074001,338,False,338,False,338,False
009290:article:0075001,116,False,116,False,116,False
009290:article:0076001,58,False,58,False,58,False
009290:article:0077001,106,False,106,False,106,False
009290:article:0078001,110,False,110,False,110,False
009290:article:0079001,84,False,84,False,84,False
009290:article:0080001,68,False,68,False,68,False
009290:article:0081001,318,False,318,False,318,False
009290:article:0082001,94,False,94,False,94,False
009290:article:0083001,159,False,159,False,159,False
009290:article:0084001,469,False,469,False,469,False
009290:article:0085001,99,False,99,False,99,False
009290:article:0086001,98,False,98,False,98,False
009290:article:0087001,362,False,362,False,362,False
009290:article:0088001,123,False,123,False,123,False
009290:article:0089001,48,False,48,False,48,False
009290:article:0090001,89,False,89,False,89,False
009290:article:0091001,245,False,245,False,245,False
009290:article:0092001,109,False,109,False,109,False
009290:article:0093001,136,False,136,False,136,False
009290:article:0094001,84,False,84,False,84,False
009290:article:0095001,59,False,59,False,59,False
009290:article:0096001,84,False,84,False,84,False
009290:article:0097001,111,False,111,False,111,False
009290:article:0098001,165,False,165,False,165,False
009290:article:0099001,142,False,142,False,142,False
009290:article:0100001,69,False,69,False,69,False
009290:article:0101001,352,False,352,False,352,False
009290:article:0102001,172,False,172,False,172,False
009290:article:0103001,124,False,124,False,124,False
009290:article:0104001,193,False,193,False,193,False
009290:article:0105001,153,False,153,False,153,False
009290:article:0106001,231,False,231,False,231,False
009290:article:0107001,49,False,49,False,49,False
009290:article:0108001,197,False,197,False,197,False
009290:article:0109001,49,False,49,False,49,False
009290:article:0110001,64,False,64,False,64,False
009290:article:0111001,107,False,107,False,107,False
009290:article:0112001,92,False,92,False,92,False
009290:article:0113001,49,False,49,False,49,False
009290:article:0114001,138,False,138,False,138,False
009290:article:0115001,309,False,309,False,309,False
009290:article:0116001,314,False,314,False,314,False
009290:article:0117001,59,False,59,False,59,False
009290:article:0118001,154,False,154,False,154,False
009290:article:0119001,92,False,92,False,92,False
009290:article:0120001,81,False,81,False,81,False
009290:article:0121001,252,False,252,False,252,False
009290:article:0122001,28,False,28,False,28,False
009290:article:0123001,87,False,87,False,87,False
009290:article:0124001,120,False,120,False,120,False
009290:article:0125001,103,False,103,False,103,False
009290:article:0126001,93,False,93,False,93,False
009290:article:0127001,83,False,83,False,83,False
009290:article:0128001,79,False,79,False,79,False
009290:article:0129001,135,False,135,False,135,False
009290:article:0130001,457,False,457,False,457,False
009290:article:0131001,72,False,72,False,72,False
009290:article:0132001,51,False,51,False,51,False
009290:article:0133001,60,False,60,False,60,False
009290:article:0134001,49,False,49,False,49,False
009290:article:0135001,35,False,35,False,35,False
009290:article:0136001,344,False,344,False,344,False
009290:article:0137001,130,False,130,False,130,False
009290:article:0138001,236,False,236,False,236,False
009290:article:0139001,154,False,154,False,154,False
009290:article:0140001,175,False,175,False,175,False
009290:article:0141001,67,False,67,False,67,False
009290:article:0142001,271,False,271,False,271,False
009290:article:0143001,175,False,175,False,175,False
009290:article:0144001,254,False,254,False,254,False
009290:article:0145001,79,False,79,False,79,False
009290:article:0146001,79,False,79,False,79,False
009290:article:0147001,337,False,337,False,337,False
009290:article:0148001,147,False,147,False,147,False
009290:article:0149001,84,False,84,False,84,False
009290:article:0150001,81,False,81,False,81,False
009290:article:0151001,146,False,146,False,146,False
009290:article:0152001,105,False,105,False,105,False
009290:article:0153001,84,False,84,False,84,False
009290:article:0154001,197,False,197,False,197,False
009290:article:0155001,71,False,71,False,71,False
009290:article:0156001,157,False,157,False,157,False
009290:article:0157001,88,False,88,False,88,False
009290:article:0158001,49,False,49,False,49,False
009290:article:0159001,180,False,180,False,180,False
009290:article:0160001,191,False,191,False,191,False
009290:article:0161001,325,False,325,False,325,False
009290:article:0162001,45,False,45,False,45,False
009290:article:0163001,69,False,69,False,69,False
009290:article:0164001,161,False,161,False,161,False
009290:article:0165001,62,False,62,False,62,False
009290:article:0166001,98,False,98,False,98,False
009290:article:0167001,98,False,98,False,98,False
009290:article:0168001,39,False,39,False,39,False
009290:article:0169001,173,False,173,False,173,False
009290:article:0170001,148,False,148,False,148,False
009290:article:0171001,113,False,113,False,113,False
009290:article:0172001,64,False,64,False,64,False
009290:article:0173001,43,False,43,False,43,False
009290:article:0174001,116,False,116,False,116,False
009290:article:0175001,248,False,248,False,248,False
009290:article:0176001,155,False,155,False,155,False
009290:article:0177001,140,False,140,False,140,False
009290:article:0178001,78,False,78,False,78,False
009290:article:0179001,114,False,114,False,114,False
009290:article:0180001,48,False,48,False,48,False
009290:article:0181001,205,False,205,False,205,False
009290:article:0182001,72,False,72,False,72,False
009290:article:0183001,88,False,88,False,88,False
009290:article:0184001,38,False,38,False,38,False
009290:article:0185001,190,False,190,False,190,False
009290:article:0186001,43,False,43,False,43,False
009290:article:0187001,133,False,133,False,133,False
009290:article:0188001,98,False,98,False,98,False
009290:article:0189001,199,False,199,False,199,False
009290:article:0190001,61,False,61,False,61,False
009290:article:0191001,60,False,60,False,60,False
009290:article:0192001,32,False,32,False,32,False
009290:article:0193001,148,False,148,False,148,False
009290:article:0194001,37,False,37,False,37,False
009290:article:0195001,566,False,566,False,566,False
009290:article:0196001,189,False,189,False,189,False
009290:article:0197001,104,False,104,False,104,False
009290:article:0198001,181,False,181,False,181,False
009290:article:0199001,43,False,43,False,43,False
009290:article:0200001,44,False,44,False,44,False
009290:article:0201001,80,False,80,False,80,False
009290:article:0202001,72,False,72,False,72,False
009290:article:0203001,115,False,115,False,115,False
009290:article:0204001,33,False,33,False,33,False
009290:article:0205001,184,False,184,False,184,False
009290:article:0206001,82,False,82,False,82,False
009290:article:0207001,77,False,77,False,77,False
009290:article:0208001,77,False,77,False,77,False
009290:article:0209001,76,False,76,False,76,False
009290:article:0210001,69,False,69,False,69,False
009290:article:0211001,59,False,59,False,59,False
009290:article:0212001,138,False,138,False,138,False
009290:article:0213001,59,False,59,False,59,False
009290:article:0214001,114,False,114,False,114,False
009290:article:0215001,208,False,208,False,208,False
009290:article:0216001,91,False,91,False,91,False
009290:article:0217001,53,False,53,False,53,False
009290:article:0218001,34,False,34,False,34,False
009290:article:0219001,51,False,51,False,51,False
009290:article:0220001,152,False,152,False,152,False
009290:article:0221001,173,False,173,False,173,False
009290:article:0222001,127,False,127,False,127,False
009290:article:0223001,74,False,74,False,74,False
009290:article:0224001,166,False,166,False,166,False
009290:article:0225001,39,False,39,False,39,False
009290:article:0226001,33,False,33,False,33,False
009290:article:0227001,122,False,122,False,122,False
009290:article:0228001,128,False,128,False,128,False
009290:article:0229001,322,False,322,False,322,False
009290:article:0230001,42,False,42,False,42,False
009290:article:0231001,68,False,68,False,68,False
009290:article:0232001,131,False,131,False,131,False
009290:article:0233001,67,False,67,False,67,False
009290:article:0234001,62,False,62,False,62,False
009290:article:0235001,101,False,101,False,101,False
009290:article:0236001,75,False,75,False,75,False
009290:article:0237001,208,False,208,False,208,False
009290:article:0238001,80,False,80,False,80,False
009290:article:0239001,43,False,43,False,43,False
009290:article:0240001,83,False,83,False,83,False
009290:article:0241001,382,False,382,False,382,False
009290:article:0242001,110,False,110,False,110,False
009290:article:0243001,131,False,131,False,131,False
009290:article:0244001,234,False,234,False,234,False
009290:article:0245001,37,False,37,False,37,False
009290:article:0246001,616,False,616,False,616,False
009290:article:0246021,273,False,273,False,273,False
009290:article:0247001,190,False,190,False,190,False
009290:article:0248001,251,False,251,False,251,False
009290:article:0249001,144,False,144,False,144,False
009290:article:0250001,78,False,78,False,78,False
009290:article:0251001,101,False,101,False,101,False
009290:article:0252001,101,False,101,False,101,False
009290:article:0253001,48,False,48,False,48,False
009290:article:0254001,87,False,87,False,87,False
009290:article:0255001,59,False,59,False,59,False
009290:article:0256001,54,False,54,False,54,False
009290:article:0257001,56,False,56,False,56,False
009290:article:0258001,257,False,257,False,257,False
009290:article:0259001,70,False,70,False,70,False
009290:article:0260001,126,False,126,False,126,False
009290:article:0261001,131,False,131,False,131,False
009290:article:0262001,44,False,44,False,44,False
009290:article:0263001,125,False,125,False,125,False
009290:article:0264001,108,False,108,False,108,False
009290:article:0265001,54,False,54,False,54,False
009290:article:0266001,281,False,281,False,281,False
009290:article:0267001,40,False,40,False,40,False
009290:article:0268001,43,False,43,False,43,False
009290:article:0269001,56,False,56,False,56,False
009290:article:0270001,141,False,141,False,141,False
009290:article:0271001,61,False,61,False,61,False
009290:article:0272001,52,False,52,False,52,False
009290:article:0273001,170,False,170,False,170,False
009290:article:0274001,168,False,168,False,168,False
009290:article:0275001,46,False,46,False,46,False
009290:article:0276001,87,False,87,False,87,False
009290:article:0277001,51,False,51,False,51,False
009290:article:0278001,41,False,41,False,41,False
009290:article:0279001,92,False,92,False,92,False
009290:article:0280001,147,False,147,False,147,False
009290:article:0281001,105,False,105,False,105,False
009290:article:0282001,55,False,55,False,55,False
009290:article:0283001,83,False,83,False,83,False
009290:article:0284001,100,False,100,False,100,False
009290:article:0285001,190,False,190,False,190,False
009290:article:0286001,328,False,328,False,328,False
009290:article:0287001,212,False,212,False,212,False
009290:article:0288001,194,False,194,False,194,False
009290:article:0289001,244,False,244,False,244,False
009290:article:0290001,99,False,99,False,99,False
009290:article:0291001,59,False,59,False,59,False
009290:article:0292001,120,False,120,False,120,False
009290:article:0293001,86,False,86,False,86,False
009290:article:0294001,49,False,49,False,49,False
009290:article:0295001,179,False,179,False,179,False
009290:article:0296001,169,False,169,False,169,False
009290:article:0297001,72,False,72,False,72,False
009290:article:0298001,118,False,118,False,118,False
009290:article:0299001,106,False,106,False,106,False
009290:article:0300001,126,False,126,False,126,False
009290:article:0301001,51,False,51,False,51,False
009290:article:0303001,42,False,42,False,42,False
009290:article:0304001,84,False,84,False,84,False
009290:article:0305001,110,False,110,False,110,False
009290:article:0306001,141,False,141,False,141,False
009290:article:0307001,85,False,85,False,85,False
009290:article:0308001,83,False,83,False,83,False
009290:article:0309001,271,False,271,False,271,False
009290:article:0310001,62,False,62,False,62,False
009290:article:0311001,52,False,52,False,52,False
009290:article:0312001,37,False,37,False,37,False
009290:supplement:2002012606627,5316,False,5316,False,5316,False
009290:supplement:2005012707358,576,False,576,False,576,False
009290:supplement:2007080308581,114,False,114,False,114,False
009290:supplement:2007080308622,113,False,113,False,113,False
009290:supplement:2009032509525,136,False,136,False,136,False
009290:supplement:2010072310376,56,False,56,False,56,False
009290:supplement:2011040510539,90,False,90,False,90,False
009290:supplement:2011041210580,267,False,267,False,267,False
009290:supplement:2014052012588,25,False,25,False,25,False
009290:supplement:2015051813286,31,False,31,False,31,False
009290:supplement:2016020313952,130,False,130,False,130,False
009290:supplement:2022010418671,26,False,26,False,26,False
009290:supplement:2024092020434,133,False,133,False,133,False
009290:supplement:2025013120733,89,False,89,False,89,False
014450:article:0001001,61,False,61,False,61,False
014450:article:0002001,819,False,819,False,819,False
014450:article:0003001,635,False,635,False,635,False
014450:article:0004001,152,False,152,False,152,False
014450:article:0004021,135,False,135,False,135,False
014450:article:0005001,49,False,49,False,49,False
014450:article:0006001,1036,False,1036,False,1036,False
014450:article:0007001,184,False,184,False,184,False
014450:article:0008001,216,False,216,False,216,False
014450:article:0009001,305,False,305,False,305,False
014450:article:0010001,149,False,149,False,149,False
014450:article:0011001,344,False,344,False,344,False
014450:article:0012001,74,False,74,False,74,False
014450:article:0013001,1040,False,1040,False,1040,False
014450:article:0014001,576,False,576,False,576,False
014450:article:0014021,111,False,111,False,111,False
014450:article:0015001,216,False,216,False,216,False
014450:article:0015021,630,False,630,False,630,False
014450:article:0016001,199,False,199,False,199,False
014450:article:0017001,517,False,517,False,517,False
014450:article:0018001,515,False,515,False,515,False
014450:article:0019001,512,False,512,False,512,False
014450:article:0020001,381,False,381,False,381,False
014450:article:0021001,342,False,342,False,342,False
014450:article:0022001,340,False,340,False,340,False
014450:article:0023001,548,False,548,False,548,False
014450:article:0024001,604,False,604,False,604,False
014450:article:0025001,1480,False,1480,False,1480,False
014450:article:0025021,437,False,437,False,437,False
014450:article:0025031,637,False,637,False,637,False
014450:article:0025041,93,False,93,False,93,False
014450:article:0025051,339,False,339,False,339,False
014450:article:0025061,1123,False,1123,False,1123,False
014450:article:0025071,62,False,62,False,62,False
014450:article:0025081,78,False,78,False,78,False
014450:article:0025131,103,False,103,False,103,False
014450:article:0026001,180,False,180,False,180,False
014450:article:0027001,341,False,341,False,341,False
014450:article:0028001,123,False,123,False,123,False
014450:article:0028021,580,False,580,False,580,False
014450:article:0028031,64,False,64,False,64,False
014450:article:0029001,167,False,167,False,167,False
014450:article:0029021,299,False,299,False,299,False
014450:article:0030001,181,False,181,False,181,False
014450:article:0031001,221,False,221,False,221,False
014450:article:0032001,87,False,87,False,87,False
014450:article:0033001,138,False,138,False,138,False
014450:article:0034001,82,False,82,False,82,False
014450:supplement:2023060119425,371,False,371,False,371,False
014450:supplement:2024091020429,586,False,586,False,586,False
014450:supplement:2025052020956,74,False,74,False,74,False
014450:supplement:2025100121065,401,False,401,False,401,False
014450:supplement:2026051221634,498,False,498,False,498,False
012480:article:0001001,48,False,48,False,48,False
012480:article:0002001,292,False,292,False,292,False
012480:article:0003001,632,False,632,False,632,False
012480:article:0003021,231,False,231,False,231,False
012480:article:0004001,216,False,216,False,216,False
012480:article:0005001,221,False,221,False,221,False
012480:article:0006001,481,False,481,False,481,False
012480:article:0006021,356,False,356,False,356,False
012480:article:0006031,288,False,288,False,288,False
012480:article:0006041,90,False,90,False,90,False
012480:article:0006051,267,False,267,False,267,False
012480:article:0007001,114,False,114,False,114,False
012480:article:0008001,207,False,207,False,207,False
012480:article:0009001,406,False,406,False,406,False
012480:article:0010001,824,False,824,False,824,False
012480:article:0011001,626,False,626,False,626,False
012480:article:0012001,565,False,565,False,565,False
012480:article:0013001,115,False,115,False,115,False
012480:article:0014001,189,False,189,False,189,False
012480:article:0015001,385,False,385,False,385,False
012480:article:0016001,196,False,196,False,196,False
012480:article:0017001,128,False,128,False,128,False
012480:article:0018001,461,False,461,False,461,False
012480:article:0019001,115,False,115,False,115,False
012480:article:0020001,219,False,219,False,219,False
012480:article:0021001,156,False,156,False,156,False
012480:article:0022001,137,False,137,False,137,False
012480:article:0023001,54,False,54,False,54,False
012480:article:0024001,192,False,192,False,192,False
012480:article:0025001,84,False,84,False,84,False
012480:article:0025021,345,False,345,False,345,False
012480:article:0025031,139,False,139,False,139,False
012480:article:0026001,305,False,305,False,305,False
012480:article:0027001,118,False,118,False,118,False
012480:article:0028001,712,False,712,False,712,False
012480:article:0029001,84,False,84,False,84,False
012480:supplement:2016011913797,6341,False,6341,False,6341,False
012480:supplement:2016120214340,194,False,194,False,194,False
012480:supplement:2017020814569,200,False,200,False,200,False
012480:supplement:2019082016494,158,False,158,False,158,False
012480:supplement:2019112616596,133,False,133,False,133,False
012480:supplement:2020032417091,161,False,161,False,161,False
012480:supplement:2020040717219,122,False,122,False,122,False
012480:supplement:2020081817483,88,False,88,False,88,False
012480:supplement:2023032119251,191,False,191,False,191,False
012480:supplement:2023041819384,83,False,83,False,83,False
012480:supplement:2023080819590,171,False,171,False,171,False
012480:supplement:2024020620194,139,False,139,False,139,False
001655:article:0001001,75,False,75,False,75,False
001655:article:0002001,172,False,172,False,172,False
001655:article:0003001,120,False,120,False,120,False
001655:article:0004001,73,False,73,False,73,False
001655:article:0005001,108,False,108,False,108,False
001655:article:0006001,279,False,279,False,279,False
001655:article:0007001,186,False,186,False,186,False
001655:article:0007021,66,False,66,False,66,False
001655:article:0007031,340,False,340,False,340,False
001655:article:0007041,672,False,672,False,672,False
001655:article:0007051,938,False,938,False,938,False
001655:article:0008001,57,False,57,False,57,False
001655:article:0009001,73,False,73,False,73,False
001655:article:0010001,212,False,212,False,212,False
001655:article:0010021,125,False,125,False,125,False
001655:article:0010031,320,False,320,False,320,False
001655:article:0011001,316,False,316,False,316,False
001655:article:0012001,184,False,184,False,184,False
001655:article:0013001,103,False,103,False,103,False
001655:article:0014001,375,False,375,False,375,False
001655:article:0015001,210,False,210,False,210,False
001655:article:0015021,108,False,108,False,108,False
001655:article:0016001,389,False,389,False,389,False
001655:article:0016021,138,False,138,False,138,False
001655:article:0017001,94,False,94,False,94,False
001655:article:0018001,52,False,52,False,52,False
001655:article:0019001,389,False,389,False,389,False
001655:article:0019021,290,False,290,False,290,False
001655:article:0020001,663,False,663,False,663,False
001655:article:0020021,262,False,262,False,262,False
001655:article:0020031,174,False,174,False,174,False
001655:article:0021001,285,False,285,False,285,False
001655:article:0022001,220,False,220,False,220,False
001655:article:0023001,91,False,91,False,91,False
001655:article:0024001,539,False,539,False,539,False
001655:article:0024021,433,False,433,False,433,False
001655:article:0025001,315,False,315,False,315,False
001655:article:0026001,222,False,222,False,222,False
001655:article:0027001,308,False,308,False,308,False
001655:article:0027021,204,False,204,False,204,False
001655:article:0028001,185,False,185,False,185,False
001655:article:0029001,1262,False,1262,False,1262,False
001655:article:0029021,455,False,455,False,455,False
001655:article:0030001,376,False,376,False,376,False
001655:article:0031001,141,False,141,False,141,False
001655:article:0032001,104,False,104,False,104,False
001655:article:0034001,147,False,147,False,147,False
001655:article:0035001,167,False,167,False,167,False
001655:article:0036001,69,False,69,False,69,False
001655:article:0036031,65,False,65,False,65,False
001655:article:0036041,54,False,54,False,54,False
001655:article:0037001,497,False,497,False,497,False
001655:article:0038001,59,False,59,False,59,False
001655:article:0039001,186,False,186,False,186,False
001655:article:0040001,333,False,333,False,333,False
001655:supplement:2007051108422,627,False,627,False,627,False
001655:supplement:2007051708435,395,False,395,False,395,False
001655:supplement:2008022908852,312,False,312,False,312,False
001655:supplement:2008122609210,25,False,25,False,25,False
001655:supplement:2009040109574,370,False,370,False,370,False
001655:supplement:2011053010733,31,False,31,False,31,False
001655:supplement:2013032311690,234,False,234,False,234,False
001655:supplement:2014012112279,107,False,107,False,107,False
001655:supplement:2014052012600,113,False,113,False,113,False
001655:supplement:2014111912844,330,False,330,False,330,False
001655:supplement:2016052914191,194,False,194,False,194,False
001655:supplement:2016120214286,471,False,471,False,471,False
001655:supplement:2017072614839,360,False,360,False,360,False
001655:supplement:2019120316662,31,False,31,False,31,False
001655:supplement:2020020416930,133,False,133,False,133,False
001655:supplement:2020060917354,141,False,141,False,141,False
001655:supplement:2020060917385,51,False,51,False,51,False
001655:supplement:2021072018304,31,False,31,False,31,False
001655:supplement:2022011118746,361,False,361,False,361,False
001655:supplement:2023030419228,186,False,186,False,186,False
001655:supplement:2023081619632,117,False,117,False,117,False
001655:supplement:2023122619841,752,False,752,False,752,False
001655:supplement:2025012120677,144,False,144,False,144,False
009276:article:0001001,44,False,44,False,44,False
009276:article:0002001,314,False,314,False,314,False
009276:article:0003001,190,False,190,False,190,False
009276:article:0004001,276,False,276,False,276,False
009276:article:0005001,825,False,825,False,825,False
009276:article:0006001,771,False,771,False,771,False
009276:article:0007001,214,False,214,False,214,False
009276:article:0008001,80,False,80,False,80,False
009276:article:0009001,94,False,94,False,94,False
009276:article:0010001,590,False,590,False,590,False
009276:article:0010021,100,False,100,False,100,False
009276:article:0010031,139,False,139,False,139,False
009276:article:0010041,618,False,618,False,618,False
009276:article:0010051,161,False,161,False,161,False
009276:article:0010061,78,False,78,False,78,False
009276:article:0010071,44,False,44,False,44,False
009276:article:0010081,46,False,46,False,46,False
009276:article:0010091,133,False,133,False,133,False
009276:article:0011001,267,False,267,False,267,False
009276:article:0011021,139,False,139,False,139,False
009276:article:0012001,125,False,125,False,125,False
009276:article:0013001,156,False,156,False,156,False
009276:article:0014001,204,False,204,False,204,False
009276:article:0014021,488,False,488,False,488,False
009276:article:0015001,34,False,34,False,34,False
009276:article:0016001,37,False,37,False,37,False
009276:article:0017001,58,False,58,False,58,False
009276:article:0018001,71,False,71,False,71,False
009276:article:0019001,92,False,92,False,92,False
009276:article:0019021,128,False,128,False,128,False
009276:article:0020001,372,False,372,False,372,False
009276:article:0021001,99,False,99,False,99,False
009276:article:0022001,82,False,82,False,82,False
009276:supplement:2001122906542,207,False,207,False,207,False
009276:supplement:2002082606718,25,False,25,False,25,False
009276:supplement:2005012707358,209,False,209,False,209,False
009276:supplement:2009013009361,25,False,25,False,25,False
009276:supplement:2009050809649,25,False,25,False,25,False
009276:supplement:2010051710303,138,False,138,False,138,False
009276:supplement:2011041210580,173,False,173,False,173,False
009276:supplement:2013060711873,130,False,130,False,130,False
009276:supplement:2013081312042,327,False,327,False,327,False
009276:supplement:2015051313284,155,False,155,False,155,False
009276:supplement:2016052914242,134,False,134,False,134,False
009276:supplement:2018101615791,300,False,300,False,300,False
009276:supplement:2020020416912,152,False,152,False,152,False
009276:supplement:2020073117471,221,False,221,False,221,False
009276:supplement:2020092917490,106,False,106,False,106,False
009276:supplement:2022010418675,76,False,76,False,76,False
009276:supplement:2025100121065,395,False,395,False,395,False
009276:supplement:2025111121083,84,False,84,False,84,False
005868:article:0001001,45,False,45,False,45,False
005868:article:0001021,224,False,224,False,224,False
005868:article:0002001,61,False,61,False,61,False
005868:article:0003001,101,False,101,False,101,False
005868:article:0004001,66,False,66,False,66,False
005868:article:0005001,339,False,339,False,339,False
005868:article:0006001,135,False,135,False,135,False
005868:article:0006021,114,False,114,False,114,False
005868:article:0006031,530,False,530,False,530,False
005868:article:0007001,137,False,137,False,137,False
005868:article:0008001,118,False,118,False,118,False
005868:article:0009001,183,False,183,False,183,False
005868:article:0010001,59,False,59,False,59,False
005868:article:0011001,223,False,223,False,223,False
005868:article:0012001,71,False,71,False,71,False
005868:article:0013001,186,False,186,False,186,False
005868:article:0014001,294,False,294,False,294,False
005868:article:0015001,79,False,79,False,79,False
005868:article:0016001,146,False,146,False,146,False
005868:article:0017001,145,False,145,False,145,False
005868:article:0018001,141,False,141,False,141,False
005868:article:0019001,262,False,262,False,262,False
005868:article:0021001,166,False,166,False,166,False
005868:article:0022001,234,False,234,False,234,False
005868:article:0023001,92,False,92,False,92,False
005868:article:0024001,48,False,48,False,48,False
005868:article:0025001,225,False,225,False,225,False
005868:article:0026001,154,False,154,False,154,False
005868:article:0027001,185,False,185,False,185,False
005868:article:0028001,112,False,112,False,112,False
005868:article:0028021,199,False,199,False,199,False
005868:article:0029001,147,False,147,False,147,False
005868:article:0030001,311,False,311,False,311,False
005868:article:0031001,148,False,148,False,148,False
005868:article:0032001,181,False,181,False,181,False
005868:article:0033001,77,False,77,False,77,False
005868:article:0034001,117,False,117,False,117,False
005868:article:0035001,111,False,111,False,111,False
005868:article:0036001,166,False,166,False,166,False
005868:article:0037001,292,False,292,False,292,False
005868:article:0038001,54,False,54,False,54,False
005868:article:0039001,142,False,142,False,142,False
005868:article:0040001,138,False,138,False,138,False
005868:article:0041001,179,False,179,False,179,False
005868:article:0042001,84,False,84,False,84,False
005868:article:0043001,370,False,370,False,370,False
005868:article:0044001,97,False,97,False,97,False
005868:article:0045001,330,False,330,False,330,False
005868:article:0046001,1203,False,1203,False,1203,False
005868:article:0047001,190,False,190,False,190,False
005868:article:0048001,164,False,164,False,164,False
005868:article:0049001,85,False,85,False,85,False
005868:article:0050001,132,False,132,False,132,False
005868:article:0051001,122,False,122,False,122,False
005868:article:0052001,259,False,259,False,259,False
005868:article:0052021,223,False,223,False,223,False
005868:article:0053001,211,False,211,False,211,False
005868:article:0054001,54,False,54,False,54,False
005868:article:0055001,162,False,162,False,162,False
005868:article:0056001,188,False,188,False,188,False
005868:article:0057001,120,False,120,False,120,False
005868:article:0058001,242,False,242,False,242,False
005868:article:0059001,218,False,218,False,218,False
005868:article:0060001,461,False,461,False,461,False
005868:article:0060021,83,False,83,False,83,False
005868:article:0061001,382,False,382,False,382,False
005868:article:0061021,95,False,95,False,95,False
005868:article:0062001,77,False,77,False,77,False
005868:article:0063001,137,False,137,False,137,False
005868:article:0064001,67,False,67,False,67,False
005868:article:0065001,154,False,154,False,154,False
005868:article:0066001,116,False,116,False,116,False
005868:article:0067001,526,False,526,False,526,False
005868:article:0067021,210,False,210,False,210,False
005868:article:0067031,455,False,455,False,455,False
005868:article:0067041,175,False,175,False,175,False
005868:article:0068001,208,False,208,False,208,False
005868:article:0069001,154,False,154,False,154,False
005868:article:0070001,119,False,119,False,119,False
005868:article:0071001,67,False,67,False,67,False
005868:article:0072001,95,False,95,False,95,False
005868:article:0073001,51,False,51,False,51,False
005868:article:0074001,170,False,170,False,170,False
005868:article:0075001,173,False,173,False,173,False
005868:article:0076001,523,False,523,False,523,False
005868:article:0077001,130,False,130,False,130,False
005868:article:0078001,527,False,527,False,527,False
005868:article:0079001,183,False,183,False,183,False
005868:article:0080001,267,False,267,False,267,False
005868:article:0081001,127,False,127,False,127,False
005868:article:0082001,136,False,136,False,136,False
005868:article:0083001,59,False,59,False,59,False
005868:article:0084001,226,False,226,False,226,False
005868:article:0086001,134,False,134,False,134,False
005868:article:0087001,119,False,119,False,119,False
005868:article:0088001,244,False,244,False,244,False
005868:article:0089001,106,False,106,False,106,False
005868:article:0090001,252,False,252,False,252,False
005868:article:0091001,188,False,188,False,188,False
005868:article:0092001,180,False,180,False,180,False
005868:article:0093001,288,False,288,False,288,False
005868:article:0094001,141,False,141,False,141,False
005868:article:0094021,375,False,375,False,375,False
005868:article:0095001,57,False,57,False,57,False
005868:article:0096001,190,False,190,False,190,False
005868:article:0097001,487,False,487,False,487,False
005868:article:0098001,169,False,169,False,169,False
005868:article:0099001,112,False,112,False,112,False
005868:article:0100001,332,False,332,False,332,False
005868:article:0101001,84,False,84,False,84,False
005868:article:0102001,67,False,67,False,67,False
005868:article:0103001,160,False,160,False,160,False
005868:article:0104001,474,False,474,False,474,False
005868:article:0105001,81,False,81,False,81,False
005868:article:0106001,96,False,96,False,96,False
005868:article:0107001,219,False,219,False,219,False
005868:article:0108001,157,False,157,False,157,False
005868:article:0109001,294,False,294,False,294,False
005868:article:0110001,186,False,186,False,186,False
005868:article:0111001,207,False,207,False,207,False
005868:article:0112001,157,False,157,False,157,False
005868:article:0113001,46,False,46,False,46,False
005868:article:0114001,72,False,72,False,72,False
005868:article:0115001,143,False,143,False,143,False
005868:article:0116001,100,False,100,False,100,False
005868:article:0117001,120,False,120,False,120,False
005868:article:0118001,92,False,92,False,92,False
005868:article:0119001,103,False,103,False,103,False
005868:article:0120001,59,False,59,False,59,False
005868:article:0121001,290,False,290,False,290,False
005868:article:0122001,138,False,138,False,138,False
005868:article:0123001,94,False,94,False,94,False
005868:article:0124001,220,False,220,False,220,False
005868:article:0125001,134,False,134,False,134,False
005868:article:0126001,91,False,91,False,91,False
005868:article:0127001,82,False,82,False,82,False
005868:article:0128001,141,False,141,False,141,False
005868:article:0129001,111,False,111,False,111,False
005868:article:0130001,170,False,170,False,170,False
005868:article:0131001,155,False,155,False,155,False
005868:article:0132001,140,False,140,False,140,False
005868:article:0133001,110,False,110,False,110,False
005868:article:0134001,119,False,119,False,119,False
005868:article:0135001,147,False,147,False,147,False
005868:article:0136001,151,False,151,False,151,False
005868:article:0137001,101,False,101,False,101,False
005868:article:0138001,61,False,61,False,61,False
005868:article:0139001,323,False,323,False,323,False
005868:article:0139021,176,False,176,False,176,False
005868:article:0139031,133,False,133,False,133,False
005868:article:0139041,153,False,153,False,153,False
005868:article:0140001,141,False,141,False,141,False
005868:article:0140021,208,False,208,False,208,False
005868:article:0140031,111,False,111,False,111,False
005868:article:0141001,94,False,94,False,94,False
005868:article:0142001,78,False,78,False,78,False
005868:article:0143001,51,False,51,False,51,False
005868:article:0144001,198,False,198,False,198,False
005868:article:0144021,98,False,98,False,98,False
005868:article:0145001,94,False,94,False,94,False
005868:article:0146001,42,False,42,False,42,False
005868:article:0147001,298,False,298,False,298,False
005868:article:0148001,431,False,431,False,431,False
005868:article:0149001,70,False,70,False,70,False
005868:article:0150001,82,False,82,False,82,False
005868:article:0151001,94,False,94,False,94,False
005868:article:0152001,307,False,307,False,307,False
005868:article:0153001,234,False,234,False,234,False
005868:article:0154001,97,False,97,False,97,False
005868:article:0155001,105,False,105,False,105,False
005868:article:0156001,99,False,99,False,99,False
005868:article:0157001,127,False,127,False,127,False
005868:article:0158001,148,False,148,False,148,False
005868:article:0159001,255,False,255,False,255,False
005868:article:0160001,32,False,32,False,32,False
005868:article:0161001,269,False,269,False,269,False
005868:article:0162001,70,False,70,False,70,False
005868:article:0163001,378,False,378,False,378,False
005868:article:0163021,161,False,161,False,161,False
005868:article:0163031,288,False,288,False,288,False
005868:article:0163041,105,False,105,False,105,False
005868:article:0163051,63,False,63,False,63,False
005868:article:0163061,146,False,146,False,146,False
005868:article:0164001,258,False,258,False,258,False
005868:article:0164021,76,False,76,False,76,False
005868:article:0164031,79,False,79,False,79,False
005868:article:0165001,66,False,66,False,66,False
005868:article:0166001,46,False,46,False,46,False
005868:article:0167001,46,False,46,False,46,False
005868:supplement:2011092802356,1512,False,1512,False,1512,False
005868:supplement:2013081202483,27,False,27,False,27,False
005868:supplement:2014100202560,153,False,153,False,153,False
005868:supplement:2014112702571,27,False,27,False,27,False
005868:supplement:2016062702668,125,False,125,False,125,False
005868:supplement:2016122902706,27,False,27,False,27,False
005868:supplement:2017052502741,106,False,106,False,106,False
005868:supplement:2017110602759,81,False,81,False,81,False
005868:supplement:2018083102801,94,False,94,False,94,False
005868:supplement:2018120402815,70,False,70,False,70,False
005868:supplement:2020062602910,69,False,69,False,69,False
005868:supplement:2020112602931,452,False,452,False,452,False
005868:supplement:2021052702986,414,False,414,False,414,False
005868:supplement:2022022503043,62,False,62,False,62,False
005868:supplement:2024112903169,887,False,887,False,887,False
005868:annex:000100F,226,False,226,False,226,False
005868:annex:000200F,225,False,225,False,225,False
005868:annex:000300F,388,False,388,False,388,False
007292:article:0001001,52,False,52,False,52,False
007292:article:0002001,308,False,308,False,308,False
007292:article:0003001,256,False,256,False,256,False
007292:article:0004001,990,False,990,False,990,False
007292:article:0005001,396,False,396,False,396,False
007292:article:0006001,85,False,85,False,85,False
007292:article:0007001,172,False,172,False,172,False
007292:article:0008001,408,False,408,False,408,False
007292:article:0009001,528,False,528,False,528,False
007292:article:0010001,195,False,195,False,195,False
007292:article:0010021,162,False,162,False,162,False
007292:article:0010031,443,False,443,False,443,False
007292:article:0011001,516,False,516,False,516,False
007292:article:0012001,74,False,74,False,74,False
007292:article:0013001,39,False,39,False,39,False
007292:article:0014001,85,False,85,False,85,False
007292:article:0015001,761,False,761,False,761,False
007292:article:0016001,184,False,184,False,184,False
007292:article:0018001,107,False,107,False,107,False
007292:article:0019001,38,False,38,False,38,False
007292:article:0020001,911,False,911,False,911,False
007292:article:0021001,90,False,90,False,90,False
007292:article:0022001,120,False,120,False,120,False
007292:article:0023001,74,False,74,False,74,False
007292:article:0024001,162,False,162,False,162,False
007292:article:0025001,65,False,65,False,65,False
007292:article:0026001,115,False,115,False,115,False
007292:article:0027001,75,False,75,False,75,False
007292:article:0027021,269,False,269,False,269,False
007292:article:0028001,244,False,244,False,244,False
007292:article:0029001,165,False,165,False,165,False
007292:supplement:2005123000487,185,False,185,False,185,False
007292:supplement:2006031300502,77,False,77,False,77,False
007292:supplement:2006061500521,77,False,77,False,77,False
007292:supplement:2006080700530,58,False,58,False,58,False
007292:supplement:2007062900567,48,False,48,False,48,False
007292:supplement:2007103000587,26,False,26,False,26,False
007292:supplement:2007121300594,47,False,47,False,47,False
007292:supplement:2008031400004,44,False,44,False,44,False
007292:supplement:2008091200050,26,False,26,False,26,False
007292:supplement:2009071400150,78,False,78,False,78,False
007292:supplement:2009123100204,25,False,25,False,25,False
007292:supplement:2010063000253,26,False,26,False,26,False
007292:supplement:2011031600340,97,False,97,False,97,False
007292:supplement:2011080900369,26,False,26,False,26,False
007292:supplement:2011110800399,82,False,82,False,82,False
007292:supplement:2012062700488,25,False,25,False,25,False
007292:supplement:2013032300001,347,False,347,False,347,False
007292:supplement:2013120500043,25,False,25,False,25,False
007292:supplement:2013123000054,61,False,61,False,61,False
007292:supplement:2014072900115,144,False,144,False,144,False
007292:supplement:2014123100169,52,False,52,False,52,False
007292:supplement:2015010600173,93,False,93,False,93,False
007292:supplement:2016123000382,79,False,79,False,79,False
007292:supplement:2016123000383,132,False,132,False,132,False
007292:supplement:2017012000391,413,False,413,False,413,False
007292:supplement:2017060800424,27,False,27,False,27,False
007292:supplement:2018123100570,27,False,27,False,27,False
007292:supplement:2020022100689,27,False,27,False,27,False
007292:supplement:2020082100753,27,False,27,False,27,False
007292:supplement:2020102700773,428,False,428,False,428,False
007292:supplement:2021011200805,31,False,31,False,31,False
007292:supplement:2021082700882,55,False,55,False,55,False
007292:supplement:2021101900902,250,False,250,False,250,False
007292:supplement:2021123100936,26,False,26,False,26,False
007292:supplement:2023072801238,27,False,27,False,27,False
007292:supplement:2024070201349,28,False,28,False,28,False
007292:annex:000100E,286,False,286,False,286,False
007292:annex:000200E,122,False,122,False,122,False
007292:annex:000300E,456,False,456,False,456,False
007292:annex:000400E,1748,False,1748,False,1748,False
007292:annex:000100F,1015,False,1015,False,1015,False
007292:annex:000200F,151,False,151,False,151,False
007292:annex:000300F,164,False,164,False,164,False
007292:annex:000400F,470,False,470,False,470,False
007292:annex:000500F,1063,False,1063,False,1063,False
007292:annex:000600F,223,False,223,False,223,False
007292:annex:000700F,452,False,452,False,452,False
007292:annex:000800F,478,False,478,False,478,False
007292:annex:000900F,665,False,665,False,665,False
007292:annex:001000F,212,False,212,False,212,False
007292:annex:001100F,684,False,684,False,684,False
007292:annex:001102F,467,False,467,False,467,False
007292:annex:001200F,634,False,634,False,634,False
007292:annex:001300F,512,False,512,False,512,False
007292:annex:001400F,1109,False,1109,False,1109,False
007292:annex:001500F,1406,False,1406,False,1406,False
007292:annex:001600F,410,False,410,False,410,False
007292:annex:001700F,253,False,253,False,253,False
007292:annex:001800F,180,False,180,False,180,False
007292:annex:001900F,125,False,125,False,125,False
007292:annex:002000F,11475,True,11475,True,11475,True
007292:annex:002002F,7196,False,7196,False,7196,False
007292:annex:002003F,4303,False,4303,False,4303,False
007292:annex:002004F,3710,False,3710,False,3710,False
007292:annex:002100F,29,False,29,False,29,False
007292:annex:002102F,31,False,31,False,31,False
007292:annex:002103F,31,False,31,False,31,False
007292:annex:002200F,29,False,29,False,29,False
007292:annex:002202F,31,False,31,False,31,False
007292:annex:002300F,29,False,29,False,29,False
007292:annex:002400F,29,False,29,False,29,False
007292:annex:002402F,31,False,31,False,31,False
007292:annex:002500F,463,False,463,False,463,False
007292:annex:002600F,285,False,285,False,285,False
007292:annex:002700F,289,False,289,False,289,False
007292:annex:002800F,620,False,620,False,620,False
000243:article:0001001,59,False,59,False,59,False
000243:article:0002001,1336,False,1336,False,1336,False
000243:article:0003001,72,False,72,False,72,False
000243:article:0004001,225,False,225,False,225,False
000243:article:0005001,740,False,740,False,740,False
000243:article:0005021,166,False,166,False,166,False
000243:article:0005031,474,False,474,False,474,False
000243:article:0005041,307,False,307,False,307,False
000243:article:0005051,340,False,340,False,340,False
000243:article:0005061,256,False,256,False,256,False
000243:article:0005071,167,False,167,False,167,False
000243:article:0006001,1213,False,1213,False,1213,False
000243:article:0007001,436,False,436,False,436,False
000243:article:0008001,99,False,99,False,99,False
000243:article:0009001,270,False,270,False,270,False
000243:article:0010001,506,False,506,False,506,False
000243:article:0011001,182,False,182,False,182,False
000243:article:0012001,173,False,173,False,173,False
000243:article:0013001,132,False,132,False,132,False
000243:article:0014001,74,False,74,False,74,False
000243:article:0015001,103,False,103,False,103,False
000243:article:0016001,84,False,84,False,84,False
000243:article:0017001,85,False,85,False,85,False
000243:article:0018001,593,False,593,False,593,False
000243:article:0019001,87,False,87,False,87,False
000243:article:0020001,316,False,316,False,316,False
000243:article:0021001,353,False,353,False,353,False
000243:article:0021021,764,False,764,False,764,False
000243:article:0021031,192,False,192,False,192,False
000243:article:0022001,378,False,378,False,378,False
000243:article:0023001,643,False,643,False,643,False
000243:article:0024001,314,False,314,False,314,False
000243:article:0025001,114,False,114,False,114,False
000243:article:0026001,698,False,698,False,698,False
000243:article:0027001,414,False,414,False,414,False
000243:article:0028001,689,False,689,False,689,False
000243:article:0028021,196,False,196,False,196,False
000243:article:0029001,1445,False,1445,False,1445,False
000243:article:0030001,531,False,531,False,531,False
000243:article:0031001,286,False,286,False,286,False
000243:article:0032001,1175,False,1175,False,1175,False
000243:article:0033001,428,False,428,False,428,False
000243:article:0034001,323,False,323,False,323,False
000243:article:0035001,512,False,512,False,512,False
000243:article:0035021,152,False,152,False,152,False
000243:article:0036001,291,False,291,False,291,False
000243:article:0037001,191,False,191,False,191,False
000243:article:0038001,68,False,68,False,68,False
000243:article:0039001,85,False,85,False,85,False
000243:article:0039021,358,False,358,False,358,False
000243:article:0040001,211,False,211,False,211,False
000243:article:0041001,66,False,66,False,66,False
000243:article:0041021,118,False,118,False,118,False
000243:article:0042001,560,False,560,False,560,False
000243:article:0042021,310,False,310,False,310,False
000243:article:0042031,114,False,114,False,114,False
000243:article:0042041,411,False,411,False,411,False
000243:article:0042051,475,False,475,False,475,False
000243:article:0042061,317,False,317,False,317,False
000243:article:0042071,271,False,271,False,271,False
000243:article:0043001,622,False,622,False,622,False
000243:article:0044001,444,False,444,False,444,False
000243:article:0044021,66,False,66,False,66,False
000243:article:0045001,153,False,153,False,153,False
000243:article:0046001,411,False,411,False,411,False
000243:article:0047001,224,False,224,False,224,False
000243:article:0048001,342,False,342,False,342,False
000243:article:0049001,1615,False,1615,False,1615,False
000243:article:0050001,137,False,137,False,137,False
000243:article:0050021,136,False,136,False,136,False
000243:article:0051001,365,False,365,False,365,False
000243:article:0052001,431,False,431,False,431,False
000243:article:0053001,205,False,205,False,205,False
000243:article:0054001,41,False,41,False,41,False
000243:article:0055001,494,False,494,False,494,False
000243:article:0056001,230,False,230,False,230,False
000243:article:0057001,75,False,75,False,75,False
000243:article:0058001,205,False,205,False,205,False
000243:article:0059001,98,False,98,False,98,False
000243:article:0059021,331,False,331,False,331,False
000243:article:0060001,507,False,507,False,507,False
000243:article:0060021,493,False,493,False,493,False
000243:article:0061001,252,False,252,False,252,False
000243:article:0062001,279,False,279,False,279,False
000243:article:0063001,169,False,169,False,169,False
000243:article:0064001,53,False,53,False,53,False
000243:article:0065001,600,False,600,False,600,False
000243:article:0066001,199,False,199,False,199,False
000243:article:0067001,951,False,951,False,951,False
000243:supplement:2015081113474,284,False,284,False,284,False
000243:supplement:2015082813499,7117,False,7117,False,7117,False
000243:supplement:2016011913782,143,False,143,False,143,False
000243:supplement:2016011913805,537,False,537,False,537,False
000243:supplement:2016122714480,129,False,129,False,129,False
000243:supplement:2017011714532,194,False,194,False,194,False
000243:supplement:2017011714542,234,False,234,False,234,False
000243:supplement:2017102414912,202,False,202,False,202,False
000243:supplement:2017122615309,198,False,198,False,198,False
000243:supplement:2017122615319,31,False,31,False,31,False
000243:supplement:2018011615356,3593,False,3593,False,3593,False
000243:supplement:2018031315460,146,False,146,False,146,False
000243:supplement:2018081415730,196,False,196,False,196,False
000243:supplement:2018121816000,31,False,31,False,31,False
000243:supplement:2019042316386,287,False,287,False,287,False
000243:supplement:2019112616630,144,False,144,False,144,False
000243:supplement:2020032417091,162,False,162,False,162,False
000243:supplement:2020033117171,149,False,149,False,149,False
000243:supplement:2020040717219,181,False,181,False,181,False
000243:supplement:2020060917452,309,False,309,False,309,False
000243:supplement:2020060917453,54,False,54,False,54,False
000243:supplement:2020081817482,926,False,926,False,926,False
000243:supplement:2020122217738,86,False,86,False,86,False
000243:supplement:2020122217739,116,False,116,False,116,False
000243:supplement:2021031617939,122,False,122,False,122,False
000243:supplement:2021031617944,55,False,55,False,55,False
000243:supplement:2021091418452,277,False,277,False,277,False
000243:supplement:2022011118750,154,False,154,False,154,False
000243:supplement:2022122719117,163,False,163,False,163,False
000243:supplement:2023032819313,289,False,289,False,289,False
000243:supplement:2023060119424,177,False,177,False,177,False
000243:supplement:2023081619680,205,False,205,False,205,False
000243:supplement:2024120320550,295,False,295,False,295,False
000243:supplement:2025011420661,154,False,154,False,154,False
000243:supplement:2025100121065,430,False,430,False,430,False
001585:article:0001001,50,False,50,False,50,False
001585:article:0002001,547,False,547,False,547,False
001585:article:0003001,52,False,52,False,52,False
001585:article:0004001,50,False,50,False,50,False
001585:article:0005001,74,False,74,False,74,False
001585:article:0006001,302,False,302,False,302,False
001585:article:0007001,335,False,335,False,335,False
001585:article:0008001,64,False,64,False,64,False
001585:article:0009001,268,False,268,False,268,False
001585:article:0010001,157,False,157,False,157,False
001585:article:0010021,294,False,294,False,294,False
001585:article:0011001,248,False,248,False,248,False
001585:article:0012001,285,False,285,False,285,False
001585:article:0013001,456,False,456,False,456,False
001585:article:0014001,336,False,336,False,336,False
001585:article:0015001,151,False,151,False,151,False
001585:article:0016001,389,False,389,False,389,False
001585:article:0017001,185,False,185,False,185,False
001585:article:0018001,339,False,339,False,339,False
001585:article:0019001,116,False,116,False,116,False
001585:article:0020001,484,False,484,False,484,False
001585:article:0021001,130,False,130,False,130,False
001585:article:0022001,115,False,115,False,115,False
001585:article:0023001,53,False,53,False,53,False
001585:article:0024001,146,False,146,False,146,False
001585:article:0025001,128,False,128,False,128,False
001585:article:0026001,56,False,56,False,56,False
001585:article:0027001,112,False,112,False,112,False
001585:article:0028001,272,False,272,False,272,False
001585:article:0029001,134,False,134,False,134,False
001585:article:0030001,111,False,111,False,111,False
001585:article:0031001,465,False,465,False,465,False
001585:article:0032001,62,False,62,False,62,False
001585:article:0033001,78,False,78,False,78,False
001585:article:0034001,304,False,304,False,304,False
001585:article:0035001,418,False,418,False,418,False
001585:article:0036001,263,False,263,False,263,False
001585:article:0037001,130,False,130,False,130,False
001585:article:0038001,80,False,80,False,80,False
001585:article:0039001,86,False,86,False,86,False
001585:article:0040001,130,False,130,False,130,False
001585:article:0041001,554,False,554,False,554,False
001585:article:0042001,411,False,411,False,411,False
001585:article:0043001,249,False,249,False,249,False
001585:article:0044001,123,False,123,False,123,False
001585:article:0045001,469,False,469,False,469,False
001585:article:0046001,114,False,114,False,114,False
001585:article:0047001,246,False,246,False,246,False
001585:article:0048001,216,False,216,False,216,False
001585:article:0049001,193,False,193,False,193,False
001585:article:0050001,153,False,153,False,153,False
001585:article:0051001,70,False,70,False,70,False
001585:article:0052001,304,False,304,False,304,False
001585:article:0053001,96,False,96,False,96,False
001585:article:0054001,84,False,84,False,84,False
001585:article:0055001,465,False,465,False,465,False
001585:article:0056001,182,False,182,False,182,False
001585:article:0056021,296,False,296,False,296,False
001585:article:0056031,312,False,312,False,312,False
001585:article:0057001,523,False,523,False,523,False
001585:article:0058001,342,False,342,False,342,False
001585:article:0059001,257,False,257,False,257,False
001585:article:0060001,106,False,106,False,106,False
001585:article:0061001,179,False,179,False,179,False
001585:article:0062001,679,False,679,False,679,False
001585:article:0063001,40,False,40,False,40,False
001585:article:0064001,236,False,236,False,236,False
001585:article:0065001,228,False,228,False,228,False
001585:article:0066001,388,False,388,False,388,False
001585:article:0066021,140,False,140,False,140,False
001585:article:0067001,179,False,179,False,179,False
001585:article:0068001,156,False,156,False,156,False
001585:article:0069001,159,False,159,False,159,False
001585:article:0070001,71,False,71,False,71,False
001585:article:0071001,438,False,438,False,438,False
001585:article:0072001,677,False,677,False,677,False
001585:article:0073001,59,False,59,False,59,False
001585:article:0074001,86,False,86,False,86,False
001585:article:0075001,320,False,320,False,320,False
001585:article:0076001,748,False,748,False,748,False
001585:article:0077001,315,False,315,False,315,False
001585:article:0078001,97,False,97,False,97,False
001585:article:0079001,316,False,316,False,316,False
001585:article:0080001,199,False,199,False,199,False
001585:article:0081001,174,False,174,False,174,False
001585:article:0082001,272,False,272,False,272,False
001585:article:0083001,374,False,374,False,374,False
001585:article:0084001,418,False,418,False,418,False
001585:article:0084021,545,False,545,False,545,False
001585:article:0085001,66,False,66,False,66,False
001585:article:0086001,202,False,202,False,202,False
001585:article:0087001,296,False,296,False,296,False
001585:article:0088001,239,False,239,False,239,False
001585:article:0089001,100,False,100,False,100,False
001585:article:0090001,209,False,209,False,209,False
001585:article:0091001,78,False,78,False,78,False
001585:article:0092001,225,False,225,False,225,False
001585:article:0093001,63,False,63,False,63,False
001585:article:0094001,101,False,101,False,101,False
001585:article:0095001,203,False,203,False,203,False
001585:article:0096001,492,False,492,False,492,False
001585:article:0097001,121,False,121,False,121,False
001585:article:0098001,152,False,152,False,152,False
001585:article:0099001,398,False,398,False,398,False
001585:article:0100001,114,False,114,False,114,False
001585:article:0101001,183,False,183,False,183,False
001585:article:0102001,223,False,223,False,223,False
001585:article:0103001,259,False,259,False,259,False
001585:article:0104001,531,False,531,False,531,False
001585:article:0105001,351,False,351,False,351,False
001585:article:0106001,248,False,248,False,248,False
001585:article:0107001,314,False,314,False,314,False
001585:article:0108001,52,False,52,False,52,False
001585:article:0109001,364,False,364,False,364,False
001585:article:0110001,268,False,268,False,268,False
001585:article:0111001,132,False,132,False,132,False
001585:article:0112001,348,False,348,False,348,False
001585:article:0113001,204,False,204,False,204,False
001585:article:0114001,161,False,161,False,161,False
001585:article:0115001,457,False,457,False,457,False
001585:article:0116001,102,False,102,False,102,False
001585:supplement:2020122917758,4933,False,4933,False,4933,False
001585:supplement:2021122118587,134,False,134,False,134,False
001585:supplement:2022123119190,229,False,229,False,229,False
001585:supplement:2023030419228,167,False,167,False,167,False
001585:supplement:2023071819563,163,False,163,False,163,False
001585:supplement:2023123119927,306,False,306,False,306,False
001585:supplement:2024123120615,120,False,120,False,120,False
001585:supplement:2025122321213,60,False,60,False,60,False
001585:supplement:2026060221713,27,False,27,False,27,False
001262:article:0001001,57,False,57,False,57,False
001262:article:0001021,188,False,188,False,188,False
001262:article:0002001,251,False,251,False,251,False
001262:article:0002021,81,False,81,False,81,False
001262:article:0003001,175,False,175,False,175,False
001262:article:0004001,164,False,164,False,164,False
001262:article:0005001,246,False,246,False,246,False
001262:article:0006001,65,False,65,False,65,False
001262:article:0007001,77,False,77,False,77,False
001262:article:0008001,68,False,68,False,68,False
001262:article:0009001,342,False,342,False,342,False
001262:article:0009021,308,False,308,False,308,False
001262:article:0009031,290,False,290,False,290,False
001262:article:0010001,132,False,132,False,132,False
001262:article:0011001,29,False,29,False,29,False
001262:article:0012001,96,False,96,False,96,False
001262:article:0013001,106,False,106,False,106,False
001262:article:0014001,93,False,93,False,93,False
001262:article:0015001,207,False,207,False,207,False
001262:article:0015021,409,False,409,False,409,False
001262:article:0016001,255,False,255,False,255,False
001262:article:0017001,66,False,66,False,66,False
001262:article:0017021,299,False,299,False,299,False
001262:article:0018001,54,False,54,False,54,False
001262:article:0019001,86,False,86,False,86,False
001262:article:0020001,142,False,142,False,142,False
001262:article:0021001,98,False,98,False,98,False
001262:article:0022001,64,False,64,False,64,False
001262:article:0023001,112,False,112,False,112,False
001262:article:0023021,51,False,51,False,51,False
001262:article:0024001,426,False,426,False,426,False
001262:article:0024021,164,False,164,False,164,False
001262:article:0025001,213,False,213,False,213,False
001262:article:0026001,411,False,411,False,411,False
001262:article:0026021,543,False,543,False,543,False
001262:article:0026031,111,False,111,False,111,False
001262:article:0026041,253,False,253,False,253,False
001262:article:0026051,304,False,304,False,304,False
001262:article:0027001,107,False,107,False,107,False
001262:article:0028001,233,False,233,False,233,False
001262:article:0029001,177,False,177,False,177,False
001262:article:0030001,128,False,128,False,128,False
001262:article:0031001,43,False,43,False,43,False
001262:article:0032001,43,False,43,False,43,False
001262:article:0033001,223,False,223,False,223,False
001262:article:0034001,327,False,327,False,327,False
001262:article:0035001,42,False,42,False,42,False
001262:article:0036001,101,False,101,False,101,False
001262:article:0037001,159,False,159,False,159,False
001262:article:0038001,207,False,207,False,207,False
001262:article:0039001,128,False,128,False,128,False
001262:article:0040001,107,False,107,False,107,False
001262:article:0041001,396,False,396,False,396,False
001262:article:0042001,91,False,91,False,91,False
001262:article:0042021,106,False,106,False,106,False
001262:article:0043001,171,False,171,False,171,False
001262:article:0044001,209,False,209,False,209,False
001262:article:0045001,247,False,247,False,247,False
001262:article:0046001,155,False,155,False,155,False
001262:article:0047001,424,False,424,False,424,False
001262:article:0048001,678,False,678,False,678,False
001262:article:0049001,94,False,94,False,94,False
001262:article:0050001,459,False,459,False,459,False
001262:article:0051001,289,False,289,False,289,False
001262:article:0052001,114,False,114,False,114,False
001262:article:0052021,312,False,312,False,312,False
001262:article:0052031,396,False,396,False,396,False
001262:article:0052041,292,False,292,False,292,False
001262:article:0052051,169,False,169,False,169,False
001262:article:0052061,305,False,305,False,305,False
001262:article:0052071,100,False,100,False,100,False
001262:article:0052081,152,False,152,False,152,False
001262:article:0052091,100,False,100,False,100,False
001262:article:0052101,140,False,140,False,140,False
001262:article:0053001,203,False,203,False,203,False
001262:article:0054001,416,False,416,False,416,False
001262:article:0055001,36,False,36,False,36,False
001262:article:0056001,288,False,288,False,288,False
001262:article:0057001,197,False,197,False,197,False
001262:article:0058001,55,False,55,False,55,False
001262:article:0059001,194,False,194,False,194,False
001262:article:0060001,140,False,140,False,140,False
001262:article:0065001,126,False,126,False,126,False
001262:article:0066001,842,False,842,False,842,False
001262:supplement:1984041003725,527,False,527,False,527,False
001262:supplement:1986051203826,25,False,25,False,25,False
001262:supplement:1998122805592,146,False,146,False,146,False
001262:supplement:2003071806925,160,False,160,False,160,False
001262:supplement:2005052607502,25,False,25,False,25,False
001262:supplement:2008122609172,25,False,25,False,25,False
001262:supplement:2009050809647,113,False,113,False,113,False
001262:supplement:2009060909774,162,False,162,False,162,False
001262:supplement:2010033110204,25,False,25,False,25,False
001262:supplement:2011041210580,128,False,128,False,128,False
001262:supplement:2012121811555,482,False,482,False,482,False
001262:supplement:2013032311690,142,False,142,False,142,False
001262:supplement:2014060312738,160,False,160,False,160,False
001262:supplement:2015081113474,230,False,230,False,230,False
001262:supplement:2016011913805,136,False,136,False,136,False
001262:supplement:2020020416919,263,False,263,False,263,False
001262:supplement:2023032819282,115,False,115,False,115,False
012226:article:0001001,52,False,52,False,52,False
012226:article:0002001,344,False,344,False,344,False
012226:article:0003001,47,False,47,False,47,False
012226:article:0004001,31,False,31,False,31,False
012226:article:0005001,594,False,594,False,594,False
012226:article:0006001,167,False,167,False,167,False
012226:article:0007001,146,False,146,False,146,False
012226:article:0008001,165,False,165,False,165,False
012226:article:0009001,1582,False,1582,False,1582,False
012226:article:0010001,263,False,263,False,263,False
012226:article:0011001,134,False,134,False,134,False
012226:article:0012001,57,False,57,False,57,False
012226:article:0013001,361,False,361,False,361,False
012226:article:0014001,114,False,114,False,114,False
012226:article:0015001,179,False,179,False,179,False
012226:article:0016001,48,False,48,False,48,False
012226:article:0017001,16,False,16,False,16,False
012226:article:0018001,57,False,57,False,57,False
012226:article:0019001,205,False,205,False,205,False
012226:article:0020001,69,False,69,False,69,False
012226:article:0021001,42,False,42,False,42,False
012226:article:0022001,90,False,90,False,90,False
012226:article:0023001,105,False,105,False,105,False
012226:article:0024001,58,False,58,False,58,False
012226:article:0025001,39,False,39,False,39,False
012226:article:0026001,515,False,515,False,515,False
012226:article:0027001,62,False,62,False,62,False
012226:article:0028001,32,False,32,False,32,False
012226:article:0028021,130,False,130,False,130,False
012226:article:0029001,237,False,237,False,237,False
012226:article:0030001,67,False,67,False,67,False
012226:article:0031001,31,False,31,False,31,False
012226:article:0032001,242,False,242,False,242,False
012226:article:0033001,636,False,636,False,636,False
012226:article:0034001,458,False,458,False,458,False
012226:article:0034021,648,False,648,False,648,False
012226:article:0034031,100,False,100,False,100,False
012226:article:0034041,70,False,70,False,70,False
012226:article:0034051,682,False,682,False,682,False
012226:article:0034061,180,False,180,False,180,False
012226:article:0034071,193,False,193,False,193,False
012226:article:0035001,115,False,115,False,115,False
012226:article:0036001,68,False,68,False,68,False
012226:supplement:2015010612989,3517,False,3517,False,3517,False
012226:supplement:2015062213379,129,False,129,False,129,False
012226:supplement:2015081113489,95,False,95,False,95,False
012226:supplement:2015082813499,175,False,175,False,175,False
012226:supplement:2016011913805,359,False,359,False,359,False
012226:supplement:2017020814567,154,False,154,False,154,False
012226:supplement:2017020814569,176,False,176,False,176,False
012226:supplement:2017080914865,25,False,25,False,25,False
012226:supplement:2017112815121,31,False,31,False,31,False
012226:supplement:2018031315458,31,False,31,False,31,False
012226:supplement:2018032015489,153,False,153,False,153,False
012226:supplement:2018091815782,105,False,105,False,105,False
012226:supplement:2019042316392,64,False,64,False,64,False
012226:supplement:2019082016499,25,False,25,False,25,False
012226:supplement:2020060917453,54,False,54,False,54,False
012226:supplement:2021072018316,26,False,26,False,26,False
012226:supplement:2023032819316,166,False,166,False,166,False
012226:supplement:2023060119426,26,False,26,False,26,False
012226:supplement:2023060919430,177,False,177,False,177,False
012226:supplement:2024011620047,94,False,94,False,94,False
012226:supplement:2025052720979,25,False,25,False,25,False
012226:supplement:2025100121065,446,False,446,False,446,False
012226:supplement:2025120221186,120,False,120,False,120,False
012226:supplement:2026060221738,208,False,208,False,208,False
312384:question,36,False,36,False,36,False
312384:answer,31,False,31,False,31,False
312384:reason,429,False,429,False,429,False
335417:question,543,False,543,False,543,False
335417:answer,48,False,48,False,48,False
335417:reason,2836,False,2836,False,2836,False
335429:question,543,False,543,False,543,False
335429:answer,48,False,48,False,48,False
335429:reason,2836,False,2836,False,2836,False
330343:question,443,False,443,False,443,False
330343:answer,137,False,137,False,137,False
330343:reason,1729,False,1729,False,1729,False
339995:question,681,False,681,False,681,False
339995:answer,125,False,125,False,125,False
339995:reason,2380,False,2380,False,2380,False
340001:question,681,False,681,False,681,False
340001:answer,125,False,125,False,125,False
340001:reason,2380,False,2380,False,2380,False
339999:question,681,False,681,False,681,False
339999:answer,125,False,125,False,125,False
339999:reason,2380,False,2380,False,2380,False
323801:question,77,False,77,False,77,False
323801:answer,74,False,74,False,74,False
323801:reason,2171,False,2171,False,2171,False
322433:question,124,False,124,False,124,False
322433:answer,125,False,125,False,125,False
322433:reason,1275,False,1275,False,1275,False
335271:question,355,False,355,False,355,False
335271:answer,37,False,37,False,37,False
335271:reason,1891,False,1891,False,1891,False
334623:question,379,False,379,False,379,False
334623:answer,38,False,38,False,38,False
334623:reason,1906,False,1906,False,1906,False
331405:question,263,False,263,False,263,False
331405:answer,41,False,41,False,41,False
331405:reason,1583,False,1583,False,1583,False
329097:question,263,False,263,False,263,False
329097:answer,41,False,41,False,41,False
329097:reason,1583,False,1583,False,1583,False
330379:question,173,False,173,False,173,False
330379:answer,66,False,66,False,66,False
330379:reason,2034,False,2034,False,2034,False
327641:question,233,False,233,False,233,False
327641:answer,110,False,110,False,110,False
327641:reason,1257,False,1257,False,1257,False
335535:question,511,False,511,False,511,False
335535:answer,51,False,51,False,51,False
335535:reason,2293,False,2293,False,2293,False
334417:question,383,False,383,False,383,False
334417:answer,24,False,24,False,24,False
334417:reason,1897,False,1897,False,1897,False
334415:question,383,False,383,False,383,False
334415:answer,24,False,24,False,24,False
334415:reason,1897,False,1897,False,1897,False
326837:question,209,False,209,False,209,False
326837:answer,61,False,61,False,61,False
326837:reason,1169,False,1169,False,1169,False
334361:question,624,False,624,False,624,False
334361:answer,52,False,52,False,52,False
334361:reason,2401,False,2401,False,2401,False
315314:question,164,False,164,False,164,False
315314:answer,56,False,56,False,56,False
315314:reason,1214,False,1214,False,1214,False
328061:question,217,False,217,False,217,False
328061:answer,24,False,24,False,24,False
328061:reason,2165,False,2165,False,2165,False
340141:question,593,False,593,False,593,False
340141:answer,66,False,66,False,66,False
340141:reason,2475,False,2475,False,2475,False
341133:question,756,False,756,False,756,False
341133:answer,80,False,80,False,80,False
341133:reason,2094,False,2094,False,2094,False
315964:question,257,False,257,False,257,False
315964:answer,133,False,133,False,133,False
315964:reason,1183,False,1183,False,1183,False
328625:question,159,False,159,False,159,False
328625:answer,23,False,23,False,23,False
328625:reason,1679,False,1679,False,1679,False
315640:question,265,False,265,False,265,False
315640:answer,77,False,77,False,77,False
315640:reason,1856,False,1856,False,1856,False
324883:question,78,False,78,False,78,False
324883:answer,80,False,80,False,80,False
324883:reason,1438,False,1438,False,1438,False
313129:question,118,False,118,False,118,False
313129:answer,59,False,59,False,59,False
313129:reason,873,False,873,False,873,False
312476:question,162,False,162,False,162,False
312476:answer,80,False,80,False,80,False
312476:reason,1817,False,1817,False,1817,False
313008:question,84,False,84,False,84,False
313008:answer,117,False,117,False,117,False
313008:reason,620,False,620,False,620,False
323019:question,232,False,232,False,232,False
323019:answer,136,False,136,False,136,False
323019:reason,1449,False,1449,False,1449,False
330069:question,140,False,140,False,140,False
330069:answer,37,False,37,False,37,False
330069:reason,971,False,971,False,971,False
330889:question,140,False,140,False,140,False
330889:answer,37,False,37,False,37,False
330889:reason,971,False,971,False,971,False
328559:question,661,False,661,False,661,False
328559:answer,214,False,214,False,214,False
328559:reason,3218,False,3218,False,3218,False
330063:question,661,False,661,False,661,False
330063:answer,214,False,214,False,214,False
330063:reason,3218,False,3218,False,3218,False
342865:question,169,False,169,False,169,False
342865:answer,59,False,59,False,59,False
342865:reason,1378,False,1378,False,1378,False
315410:question,238,False,238,False,238,False
315410:answer,89,False,89,False,89,False
315410:reason,1130,False,1130,False,1130,False
330839:question,288,False,288,False,288,False
330839:answer,16,False,16,False,16,False
330839:reason,1330,False,1330,False,1330,False
323405:question,77,False,77,False,77,False
323405:answer,78,False,78,False,78,False
323405:reason,1452,False,1452,False,1452,False
324411:question,336,False,336,False,336,False
324411:answer,241,False,241,False,241,False
324411:reason,2949,False,2949,False,2949,False
324661:question,336,False,336,False,336,False
324661:answer,241,False,241,False,241,False
324661:reason,2949,False,2949,False,2949,False
324663:question,336,False,336,False,336,False
324663:answer,241,False,241,False,241,False
324663:reason,2949,False,2949,False,2949,False
339591:question,393,False,393,False,393,False
339591:answer,33,False,33,False,33,False
339591:reason,1539,False,1539,False,1539,False
313818:question,88,False,88,False,88,False
313818:answer,87,False,87,False,87,False
313818:reason,1703,False,1703,False,1703,False
331295:question,293,False,293,False,293,False
331295:answer,112,False,112,False,112,False
331295:reason,2038,False,2038,False,2038,False
330197:question,244,False,244,False,244,False
330197:answer,29,False,29,False,29,False
330197:reason,1009,False,1009,False,1009,False
336537:question,568,False,568,False,568,False
336537:answer,104,False,104,False,104,False
336537:reason,2129,False,2129,False,2129,False
336527:question,568,False,568,False,568,False
336527:answer,104,False,104,False,104,False
336527:reason,2129,False,2129,False,2129,False
336777:question,442,False,442,False,442,False
336777:answer,49,False,49,False,49,False
336777:reason,1177,False,1177,False,1177,False
332085:question,346,False,346,False,346,False
332085:answer,39,False,39,False,39,False
332085:reason,1299,False,1299,False,1299,False
333161:question,305,False,305,False,305,False
333161:answer,40,False,40,False,40,False
333161:reason,1511,False,1511,False,1511,False
331229:question,225,False,225,False,225,False
331229:answer,47,False,47,False,47,False
331229:reason,1079,False,1079,False,1079,False
330899:question,280,False,280,False,280,False
330899:answer,21,False,21,False,21,False
330899:reason,907,False,907,False,907,False
342939:question,273,False,273,False,273,False
342939:answer,68,False,68,False,68,False
342939:reason,1188,False,1188,False,1188,False
338695:question,236,False,236,False,236,False
338695:answer,54,False,54,False,54,False
338695:reason,1538,False,1538,False,1538,False
329939:question,384,False,384,False,384,False
329939:answer,72,False,72,False,72,False
329939:reason,1414,False,1414,False,1414,False
312364:question,259,False,259,False,259,False
312364:answer,172,False,172,False,172,False
312364:reason,1754,False,1754,False,1754,False
324137:question,61,False,61,False,61,False
324137:answer,63,False,63,False,63,False
324137:reason,860,False,860,False,860,False
323169:question,83,False,83,False,83,False
323169:answer,83,False,83,False,83,False
323169:reason,744,False,744,False,744,False
326415:question,246,False,246,False,246,False
326415:answer,35,False,35,False,35,False
326415:reason,2190,False,2190,False,2190,False
315340:question,228,False,228,False,228,False
315340:answer,94,False,94,False,94,False
315340:reason,1637,False,1637,False,1637,False
329671:question,324,False,324,False,324,False
329671:answer,31,False,31,False,31,False
329671:reason,1213,False,1213,False,1213,False
341047:question,362,False,362,False,362,False
341047:answer,47,False,47,False,47,False
341047:reason,1295,False,1295,False,1295,False
335619:question,594,False,594,False,594,False
335619:answer,57,False,57,False,57,False
335619:reason,1621,False,1621,False,1621,False
324169:question,125,False,125,False,125,False
324169:answer,111,False,111,False,111,False
324169:reason,1730,False,1730,False,1730,False
339879:question,489,False,489,False,489,False
339879:answer,54,False,54,False,54,False
339879:reason,2125,False,2125,False,2125,False
315193:question,272,False,272,False,272,False
315193:answer,100,False,100,False,100,False
315193:reason,1348,False,1348,False,1348,False
341401:question,317,False,317,False,317,False
341401:answer,50,False,50,False,50,False
341401:reason,1241,False,1241,False,1241,False
326613:question,168,False,168,False,168,False
326613:answer,75,False,75,False,75,False
326613:reason,1355,False,1355,False,1355,False
331135:question,254,False,254,False,254,False
331135:answer,25,False,25,False,25,False
331135:reason,1494,False,1494,False,1494,False
311841:question,59,False,59,False,59,False
311841:answer,59,False,59,False,59,False
311841:reason,1309,False,1309,False,1309,False
312391:question,164,False,164,False,164,False
312391:answer,88,False,88,False,88,False
312391:reason,1659,False,1659,False,1659,False
321549:question,109,False,109,False,109,False
321549:answer,114,False,114,False,114,False
321549:reason,2620,False,2620,False,2620,False
329063:question,344,False,344,False,344,False
329063:answer,133,False,133,False,133,False
329063:reason,1762,False,1762,False,1762,False
340043:question,253,False,253,False,253,False
340043:answer,60,False,60,False,60,False
340043:reason,1994,False,1994,False,1994,False
334903:question,483,False,483,False,483,False
334903:answer,83,False,83,False,83,False
334903:reason,1470,False,1470,False,1470,False
314990:question,78,False,78,False,78,False
314990:answer,78,False,78,False,78,False
314990:reason,826,False,826,False,826,False
324861:question,198,False,198,False,198,False
324861:answer,70,False,70,False,70,False
324861:reason,1104,False,1104,False,1104,False
334287:question,912,False,912,False,912,False
334287:answer,195,False,195,False,195,False
334287:reason,2716,False,2716,False,2716,False
334285:question,912,False,912,False,912,False
334285:answer,195,False,195,False,195,False
334285:reason,2716,False,2716,False,2716,False
334149:question,912,False,912,False,912,False
334149:answer,195,False,195,False,195,False
334149:reason,2716,False,2716,False,2716,False
330753:question,225,False,225,False,225,False
330753:answer,36,False,36,False,36,False
330753:reason,1401,False,1401,False,1401,False
343405:question,322,False,322,False,322,False
343405:answer,56,False,56,False,56,False
343405:reason,3574,False,3574,False,3574,False
323117:question,62,False,62,False,62,False
323117:answer,64,False,64,False,64,False
323117:reason,1249,False,1249,False,1249,False
329517:question,196,False,196,False,196,False
329517:answer,36,False,36,False,36,False
329517:reason,1570,False,1570,False,1570,False
331395:question,559,False,559,False,559,False
331395:answer,81,False,81,False,81,False
331395:reason,1321,False,1321,False,1321,False
321391:question,95,False,95,False,95,False
321391:answer,94,False,94,False,94,False
321391:reason,1497,False,1497,False,1497,False
330629:question,424,False,424,False,424,False
330629:answer,104,False,104,False,104,False
330629:reason,1933,False,1933,False,1933,False
311551:question,102,False,102,False,102,False
311551:answer,49,False,49,False,49,False
311551:reason,720,False,720,False,720,False
321505:question,325,False,325,False,325,False
321505:answer,94,False,94,False,94,False
321505:reason,1407,False,1407,False,1407,False
327271:question,282,False,282,False,282,False
327271:answer,103,False,103,False,103,False
327271:reason,1372,False,1372,False,1372,False
323787:question,71,False,71,False,71,False
323787:answer,73,False,73,False,73,False
323787:reason,1263,False,1263,False,1263,False
327725:question,284,False,284,False,284,False
327725:answer,66,False,66,False,66,False
327725:reason,1403,False,1403,False,1403,False
314619:question,332,False,332,False,332,False
314619:answer,156,False,156,False,156,False
314619:reason,2871,False,2871,False,2871,False
314649:question,332,False,332,False,332,False
314649:answer,156,False,156,False,156,False
314649:reason,2871,False,2871,False,2871,False
327227:question,623,False,623,False,623,False
327227:answer,135,False,135,False,135,False
327227:reason,2143,False,2143,False,2143,False
326315:question,346,False,346,False,346,False
326315:answer,32,False,32,False,32,False
326315:reason,1298,False,1298,False,1298,False
334311:question,886,False,886,False,886,False
334311:answer,45,False,45,False,45,False
334311:reason,1985,False,1985,False,1985,False
334385:question,886,False,886,False,886,False
334385:answer,45,False,45,False,45,False
334385:reason,1985,False,1985,False,1985,False
330341:question,234,False,234,False,234,False
330341:answer,103,False,103,False,103,False
330341:reason,1313,False,1313,False,1313,False
315264:question,213,False,213,False,213,False
315264:answer,95,False,95,False,95,False
315264:reason,1246,False,1246,False,1246,False
329769:question,446,False,446,False,446,False
329769:answer,154,False,154,False,154,False
329769:reason,2042,False,2042,False,2042,False
313359:question,379,False,379,False,379,False
313359:answer,481,False,481,False,481,False
313359:reason,3546,False,3546,False,3546,False
311915:question,77,False,77,False,77,False
311915:answer,77,False,77,False,77,False
311915:reason,1034,False,1034,False,1034,False
327445:question,214,False,214,False,214,False
327445:answer,29,False,29,False,29,False
327445:reason,1361,False,1361,False,1361,False
313073:question,274,False,274,False,274,False
313073:answer,156,False,156,False,156,False
313073:reason,2026,False,2026,False,2026,False
311800:question,89,False,89,False,89,False
311800:answer,89,False,89,False,89,False
311800:reason,1092,False,1092,False,1092,False
327723:question,403,False,403,False,403,False
327723:answer,60,False,60,False,60,False
327723:reason,1744,False,1744,False,1744,False
331165:question,188,False,188,False,188,False
331165:answer,24,False,24,False,24,False
331165:reason,2603,False,2603,False,2603,False
338893:question,237,False,237,False,237,False
338893:answer,79,False,79,False,79,False
338893:reason,1884,False,1884,False,1884,False
338877:question,237,False,237,False,237,False
338877:answer,79,False,79,False,79,False
338877:reason,1884,False,1884,False,1884,False
334427:question,598,False,598,False,598,False
334427:answer,85,False,85,False,85,False
334427:reason,2060,False,2060,False,2060,False
336679:question,559,False,559,False,559,False
336679:answer,85,False,85,False,85,False
336679:reason,2060,False,2060,False,2060,False
340041:question,407,False,407,False,407,False
340041:answer,28,False,28,False,28,False
340041:reason,1543,False,1543,False,1543,False
331227:question,369,False,369,False,369,False
331227:answer,220,False,220,False,220,False
331227:reason,1792,False,1792,False,1792,False
326797:question,369,False,369,False,369,False
326797:answer,220,False,220,False,220,False
326797:reason,1792,False,1792,False,1792,False
337671:question,418,False,418,False,418,False
337671:answer,72,False,72,False,72,False
337671:reason,1948,False,1948,False,1948,False
337679:question,418,False,418,False,418,False
337679:answer,72,False,72,False,72,False
337679:reason,1948,False,1948,False,1948,False
329683:question,301,False,301,False,301,False
329683:answer,75,False,75,False,75,False
329683:reason,1543,False,1543,False,1543,False
330907:question,301,False,301,False,301,False
330907:answer,75,False,75,False,75,False
330907:reason,1543,False,1543,False,1543,False
326741:question,197,False,197,False,197,False
326741:answer,123,False,123,False,123,False
326741:reason,1488,False,1488,False,1488,False
327347:question,374,False,374,False,374,False
327347:answer,31,False,31,False,31,False
327347:reason,1899,False,1899,False,1899,False
328295:question,166,False,166,False,166,False
328295:answer,25,False,25,False,25,False
328295:reason,1218,False,1218,False,1218,False
336443:question,396,False,396,False,396,False
336443:answer,56,False,56,False,56,False
336443:reason,1356,False,1356,False,1356,False
329557:question,57,False,57,False,57,False
329557:answer,58,False,58,False,58,False
329557:reason,1198,False,1198,False,1198,False
334823:question,494,False,494,False,494,False
334823:answer,84,False,84,False,84,False
334823:reason,3943,False,3943,False,3943,False
329469:question,129,False,129,False,129,False
329469:answer,34,False,34,False,34,False
329469:reason,1251,False,1251,False,1251,False
312580:question,150,False,150,False,150,False
312580:answer,43,False,43,False,43,False
312580:reason,932,False,932,False,932,False
327925:question,179,False,179,False,179,False
327925:answer,18,False,18,False,18,False
327925:reason,1244,False,1244,False,1244,False
326825:question,209,False,209,False,209,False
326825:answer,89,False,89,False,89,False
326825:reason,1260,False,1260,False,1260,False
312875:question,73,False,73,False,73,False
312875:answer,72,False,72,False,72,False
312875:reason,1282,False,1282,False,1282,False
329705:question,276,False,276,False,276,False
329705:answer,21,False,21,False,21,False
329705:reason,1344,False,1344,False,1344,False
330919:question,802,False,802,False,802,False
330919:answer,171,False,171,False,171,False
330919:reason,1302,False,1302,False,1302,False
313986:question,218,False,218,False,218,False
313986:answer,80,False,80,False,80,False
313986:reason,2446,False,2446,False,2446,False
329585:question,239,False,239,False,239,False
329585:answer,25,False,25,False,25,False
329585:reason,1787,False,1787,False,1787,False
333293:question,569,False,569,False,569,False
333293:answer,115,False,115,False,115,False
333293:reason,2650,False,2650,False,2650,False
333289:question,569,False,569,False,569,False
333289:answer,115,False,115,False,115,False
333289:reason,2650,False,2650,False,2650,False
326317:question,251,False,251,False,251,False
326317:answer,124,False,124,False,124,False
326317:reason,1434,False,1434,False,1434,False
311529:question,73,False,73,False,73,False
311529:answer,95,False,95,False,95,False
311529:reason,866,False,866,False,866,False
312426:question,97,False,97,False,97,False
312426:answer,90,False,90,False,90,False
312426:reason,566,False,566,False,566,False
341215:question,881,False,881,False,881,False
341215:answer,227,False,227,False,227,False
341215:reason,4643,False,4643,False,4643,False
341213:question,881,False,881,False,881,False
341213:answer,227,False,227,False,227,False
341213:reason,4643,False,4643,False,4643,False
328333:question,244,False,244,False,244,False
328333:answer,53,False,53,False,53,False
328333:reason,1173,False,1173,False,1173,False
314965:question,238,False,238,False,238,False
314965:answer,85,False,85,False,85,False
314965:reason,1528,False,1528,False,1528,False
314057:question,111,False,111,False,111,False
314057:answer,113,False,113,False,113,False
314057:reason,968,False,968,False,968,False
329329:question,300,False,300,False,300,False
329329:answer,58,False,58,False,58,False
329329:reason,1623,False,1623,False,1623,False
330277:question,229,False,229,False,229,False
330277:answer,83,False,83,False,83,False
330277:reason,1158,False,1158,False,1158,False
322405:question,119,False,119,False,119,False
322405:answer,56,False,56,False,56,False
322405:reason,986,False,986,False,986,False
313064:question,186,False,186,False,186,False
313064:answer,97,False,97,False,97,False
313064:reason,807,False,807,False,807,False
323699:question,66,False,66,False,66,False
323699:answer,66,False,66,False,66,False
323699:reason,1484,False,1484,False,1484,False
322613:question,62,False,62,False,62,False
322613:answer,110,False,110,False,110,False
322613:reason,1887,False,1887,False,1887,False
312867:question,159,False,159,False,159,False
312867:answer,132,False,132,False,132,False
312867:reason,831,False,831,False,831,False
327261:question,319,False,319,False,319,False
327261:answer,62,False,62,False,62,False
327261:reason,1724,False,1724,False,1724,False
313081:question,266,False,266,False,266,False
313081:answer,204,False,204,False,204,False
313081:reason,1898,False,1898,False,1898,False
312088:question,166,False,166,False,166,False
312088:answer,167,False,167,False,167,False
312088:reason,1507,False,1507,False,1507,False
313242:question,129,False,129,False,129,False
313242:answer,47,False,47,False,47,False
313242:reason,946,False,946,False,946,False
332879:question,257,False,257,False,257,False
332879:answer,70,False,70,False,70,False
332879:reason,2093,False,2093,False,2093,False
336235:question,581,False,581,False,581,False
336235:answer,58,False,58,False,58,False
336235:reason,1618,False,1618,False,1618,False
336233:question,581,False,581,False,581,False
336233:answer,58,False,58,False,58,False
336233:reason,1618,False,1618,False,1618,False
341391:question,368,False,368,False,368,False
341391:answer,55,False,55,False,55,False
341391:reason,1235,False,1235,False,1235,False
324533:question,298,False,298,False,298,False
324533:answer,73,False,73,False,73,False
324533:reason,2353,False,2353,False,2353,False
334413:question,246,False,246,False,246,False
334413:answer,42,False,42,False,42,False
334413:reason,2961,False,2961,False,2961,False
334391:question,246,False,246,False,246,False
334391:answer,42,False,42,False,42,False
334391:reason,2961,False,2961,False,2961,False
333259:question,143,False,143,False,143,False
333259:answer,31,False,31,False,31,False
333259:reason,1191,False,1191,False,1191,False
333269:question,143,False,143,False,143,False
333269:answer,31,False,31,False,31,False
333269:reason,1191,False,1191,False,1191,False
315300:question,187,False,187,False,187,False
315300:answer,93,False,93,False,93,False
315300:reason,1633,False,1633,False,1633,False
340811:question,343,False,343,False,343,False
340811:answer,25,False,25,False,25,False
340811:reason,978,False,978,False,978,False
330555:question,203,False,203,False,203,False
330555:answer,110,False,110,False,110,False
330555:reason,1471,False,1471,False,1471,False
328549:question,214,False,214,False,214,False
328549:answer,32,False,32,False,32,False
328549:reason,1413,False,1413,False,1413,False
330157:question,405,False,405,False,405,False
330157:answer,82,False,82,False,82,False
330157:reason,1567,False,1567,False,1567,False
329445:question,193,False,193,False,193,False
329445:answer,17,False,17,False,17,False
329445:reason,2099,False,2099,False,2099,False
333029:question,172,False,172,False,172,False
333029:answer,49,False,49,False,49,False
333029:reason,1912,False,1912,False,1912,False
315250:question,249,False,249,False,249,False
315250:answer,45,False,45,False,45,False
315250:reason,1583,False,1583,False,1583,False
314631:question,166,False,166,False,166,False
314631:answer,166,False,166,False,166,False
314631:reason,1216,False,1216,False,1216,False
326423:question,221,False,221,False,221,False
326423:answer,19,False,19,False,19,False
326423:reason,1657,False,1657,False,1657,False
325475:question,218,False,218,False,218,False
325475:answer,160,False,160,False,160,False
325475:reason,1514,False,1514,False,1514,False
311485:question,53,False,53,False,53,False
311485:answer,53,False,53,False,53,False
311485:reason,724,False,724,False,724,False
322917:question,93,False,93,False,93,False
322917:answer,94,False,94,False,94,False
322917:reason,1327,False,1327,False,1327,False
312605:question,144,False,144,False,144,False
312605:answer,130,False,130,False,130,False
312605:reason,705,False,705,False,705,False
312310:question,74,False,74,False,74,False
312310:answer,75,False,75,False,75,False
312310:reason,846,False,846,False,846,False
312327:question,85,False,85,False,85,False
312327:answer,84,False,84,False,84,False
312327:reason,910,False,910,False,910,False
322461:question,128,False,128,False,128,False
322461:answer,162,False,162,False,162,False
322461:reason,956,False,956,False,956,False
330923:question,195,False,195,False,195,False
330923:answer,38,False,38,False,38,False
330923:reason,1325,False,1325,False,1325,False
323697:question,138,False,138,False,138,False
323697:answer,79,False,79,False,79,False
323697:reason,1402,False,1402,False,1402,False
312388:question,108,False,108,False,108,False
312388:answer,62,False,62,False,62,False
312388:reason,984,False,984,False,984,False
335833:question,338,False,338,False,338,False
335833:answer,54,False,54,False,54,False
335833:reason,1515,False,1515,False,1515,False
323845:question,122,False,122,False,122,False
323845:answer,121,False,121,False,121,False
323845:reason,1289,False,1289,False,1289,False
312606:question,78,False,78,False,78,False
312606:answer,91,False,91,False,91,False
312606:reason,793,False,793,False,793,False
329815:question,686,False,686,False,686,False
329815:answer,394,False,394,False,394,False
329815:reason,5731,False,5731,False,5731,False
326713:question,686,False,686,False,686,False
326713:answer,394,False,394,False,394,False
326713:reason,5731,False,5731,False,5731,False
329817:question,686,False,686,False,686,False
329817:answer,394,False,394,False,394,False
329817:reason,5731,False,5731,False,5731,False
328661:question,686,False,686,False,686,False
328661:answer,394,False,394,False,394,False
328661:reason,5731,False,5731,False,5731,False
322755:question,174,False,174,False,174,False
322755:answer,59,False,59,False,59,False
322755:reason,945,False,945,False,945,False
321557:question,611,False,611,False,611,False
321557:answer,218,False,218,False,218,False
321557:reason,5466,False,5466,False,5466,False
325061:question,170,False,170,False,170,False
325061:answer,56,False,56,False,56,False
325061:reason,1173,False,1173,False,1173,False
311347:question,577,False,577,False,577,False
311347:answer,349,False,349,False,349,False
311347:reason,2268,False,2268,False,2268,False
325095:question,356,False,356,False,356,False
325095:answer,306,False,306,False,306,False
325095:reason,2417,False,2417,False,2417,False
325103:question,356,False,356,False,356,False
325103:answer,306,False,306,False,306,False
325103:reason,2417,False,2417,False,2417,False
324855:question,262,False,262,False,262,False
324855:answer,385,False,385,False,385,False
324855:reason,2362,False,2362,False,2362,False
325097:question,262,False,262,False,262,False
325097:answer,385,False,385,False,385,False
325097:reason,2362,False,2362,False,2362,False
329847:question,481,False,481,False,481,False
329847:answer,69,False,69,False,69,False
329847:reason,1178,False,1178,False,1178,False
341639:question,475,False,475,False,475,False
341639:answer,54,False,54,False,54,False
341639:reason,1941,False,1941,False,1941,False
328457:question,225,False,225,False,225,False
328457:answer,51,False,51,False,51,False
328457:reason,1603,False,1603,False,1603,False
328345:question,538,False,538,False,538,False
328345:answer,162,False,162,False,162,False
328345:reason,2624,False,2624,False,2624,False
321623:question,224,False,224,False,224,False
321623:answer,213,False,213,False,213,False
321623:reason,4416,False,4416,False,4416,False
311905:question,242,False,242,False,242,False
311905:answer,215,False,215,False,215,False
311905:reason,1976,False,1976,False,1976,False
324553:question,170,False,170,False,170,False
324553:answer,171,False,171,False,171,False
324553:reason,2025,False,2025,False,2025,False
326641:question,600,False,600,False,600,False
326641:answer,59,False,59,False,59,False
326641:reason,1225,False,1225,False,1225,False
313708:question,279,False,279,False,279,False
313708:answer,155,False,155,False,155,False
313708:reason,1091,False,1091,False,1091,False
334355:question,381,False,381,False,381,False
334355:answer,83,False,83,False,83,False
334355:reason,1486,False,1486,False,1486,False
328125:question,214,False,214,False,214,False
328125:answer,15,False,15,False,15,False
328125:reason,2735,False,2735,False,2735,False
312341:question,164,False,164,False,164,False
312341:answer,112,False,112,False,112,False
312341:reason,599,False,599,False,599,False
311813:question,192,False,192,False,192,False
311813:answer,202,False,202,False,202,False
311813:reason,1228,False,1228,False,1228,False
332171:question,973,False,973,False,973,False
332171:answer,358,False,358,False,358,False
332171:reason,4574,False,4574,False,4574,False
332175:question,973,False,973,False,973,False
332175:answer,358,False,358,False,358,False
332175:reason,4574,False,4574,False,4574,False
332167:question,973,False,973,False,973,False
332167:answer,358,False,358,False,358,False
332167:reason,4574,False,4574,False,4574,False
332181:question,973,False,973,False,973,False
332181:answer,358,False,358,False,358,False
332181:reason,4574,False,4574,False,4574,False
332179:question,973,False,973,False,973,False
332179:answer,358,False,358,False,358,False
332179:reason,4574,False,4574,False,4574,False
332163:question,973,False,973,False,973,False
332163:answer,358,False,358,False,358,False
332163:reason,4574,False,4574,False,4574,False
332173:question,973,False,973,False,973,False
332173:answer,358,False,358,False,358,False
332173:reason,4574,False,4574,False,4574,False
332159:question,973,False,973,False,973,False
332159:answer,358,False,358,False,358,False
332159:reason,4574,False,4574,False,4574,False
327481:question,469,False,469,False,469,False
327481:answer,102,False,102,False,102,False
327481:reason,2027,False,2027,False,2027,False
328785:question,187,False,187,False,187,False
328785:answer,31,False,31,False,31,False
328785:reason,1303,False,1303,False,1303,False
342651:question,250,False,250,False,250,False
342651:answer,34,False,34,False,34,False
342651:reason,1504,False,1504,False,1504,False
342589:question,415,False,415,False,415,False
342589:answer,76,False,76,False,76,False
342589:reason,1660,False,1660,False,1660,False
342593:question,415,False,415,False,415,False
342593:answer,76,False,76,False,76,False
342593:reason,1660,False,1660,False,1660,False
326683:question,276,False,276,False,276,False
326683:answer,32,False,32,False,32,False
326683:reason,1982,False,1982,False,1982,False
342209:question,177,False,177,False,177,False
342209:answer,49,False,49,False,49,False
342209:reason,908,False,908,False,908,False
326437:question,103,False,103,False,103,False
326437:answer,62,False,62,False,62,False
326437:reason,1202,False,1202,False,1202,False
329005:question,150,False,150,False,150,False
329005:answer,25,False,25,False,25,False
329005:reason,2339,False,2339,False,2339,False
327543:question,89,False,89,False,89,False
327543:answer,37,False,37,False,37,False
327543:reason,868,False,868,False,868,False
338797:question,467,False,467,False,467,False
338797:answer,60,False,60,False,60,False
338797:reason,1881,False,1881,False,1881,False
330665:question,441,False,441,False,441,False
330665:answer,56,False,56,False,56,False
330665:reason,1537,False,1537,False,1537,False
326731:question,361,False,361,False,361,False
326731:answer,53,False,53,False,53,False
326731:reason,1913,False,1913,False,1913,False
340023:question,203,False,203,False,203,False
340023:answer,64,False,64,False,64,False
340023:reason,1539,False,1539,False,1539,False
338295:question,386,False,386,False,386,False
338295:answer,75,False,75,False,75,False
338295:reason,1330,False,1330,False,1330,False
341765:question,344,False,344,False,344,False
341765:answer,56,False,56,False,56,False
341765:reason,2023,False,2023,False,2023,False
329199:question,483,False,483,False,483,False
329199:answer,71,False,71,False,71,False
329199:reason,1454,False,1454,False,1454,False
314540:question,167,False,167,False,167,False
314540:answer,104,False,104,False,104,False
314540:reason,1772,False,1772,False,1772,False
330573:question,121,False,121,False,121,False
330573:answer,56,False,56,False,56,False
330573:reason,1250,False,1250,False,1250,False
330703:question,318,False,318,False,318,False
330703:answer,124,False,124,False,124,False
330703:reason,1637,False,1637,False,1637,False
330849:question,318,False,318,False,318,False
330849:answer,124,False,124,False,124,False
330849:reason,1637,False,1637,False,1637,False
337747:question,895,False,895,False,895,False
337747:answer,81,False,81,False,81,False
337747:reason,2969,False,2969,False,2969,False
337743:question,895,False,895,False,895,False
337743:answer,81,False,81,False,81,False
337743:reason,2969,False,2969,False,2969,False
329091:question,189,False,189,False,189,False
329091:answer,37,False,37,False,37,False
329091:reason,895,False,895,False,895,False
342143:question,472,False,472,False,472,False
342143:answer,60,False,60,False,60,False
342143:reason,2041,False,2041,False,2041,False
338445:question,635,False,635,False,635,False
338445:answer,62,False,62,False,62,False
338445:reason,2663,False,2663,False,2663,False
329419:question,260,False,260,False,260,False
329419:answer,22,False,22,False,22,False
329419:reason,1509,False,1509,False,1509,False
330679:question,650,False,650,False,650,False
330679:answer,99,False,99,False,99,False
330679:reason,1455,False,1455,False,1455,False
341029:question,407,False,407,False,407,False
341029:answer,28,False,28,False,28,False
341029:reason,1092,False,1092,False,1092,False
330099:question,249,False,249,False,249,False
330099:answer,19,False,19,False,19,False
330099:reason,2141,False,2141,False,2141,False
342705:question,343,False,343,False,343,False
342705:answer,143,False,143,False,143,False
342705:reason,3652,False,3652,False,3652,False
342713:question,343,False,343,False,343,False
342713:answer,143,False,143,False,143,False
342713:reason,3652,False,3652,False,3652,False
342717:question,343,False,343,False,343,False
342717:answer,143,False,143,False,143,False
342717:reason,3652,False,3652,False,3652,False
342707:question,343,False,343,False,343,False
342707:answer,143,False,143,False,143,False
342707:reason,3652,False,3652,False,3652,False
324231:question,118,False,118,False,118,False
324231:answer,156,False,156,False,156,False
324231:reason,670,False,670,False,670,False
328979:question,567,False,567,False,567,False
328979:answer,56,False,56,False,56,False
328979:reason,1467,False,1467,False,1467,False
314741:question,167,False,167,False,167,False
314741:answer,167,False,167,False,167,False
314741:reason,930,False,930,False,930,False
326653:question,332,False,332,False,332,False
326653:answer,92,False,92,False,92,False
326653:reason,1638,False,1638,False,1638,False
331105:question,332,False,332,False,332,False
331105:answer,92,False,92,False,92,False
331105:reason,1638,False,1638,False,1638,False
341113:question,633,False,633,False,633,False
341113:answer,89,False,89,False,89,False
341113:reason,2337,False,2337,False,2337,False
335073:question,294,False,294,False,294,False
335073:answer,56,False,56,False,56,False
335073:reason,2188,False,2188,False,2188,False
335085:question,294,False,294,False,294,False
335085:answer,56,False,56,False,56,False
335085:reason,2188,False,2188,False,2188,False
340427:question,583,False,583,False,583,False
340427:answer,83,False,83,False,83,False
340427:reason,2539,False,2539,False,2539,False
340449:question,583,False,583,False,583,False
340449:answer,83,False,83,False,83,False
340449:reason,2539,False,2539,False,2539,False
328655:question,245,False,245,False,245,False
328655:answer,35,False,35,False,35,False
328655:reason,1963,False,1963,False,1963,False
315259:question,443,False,443,False,443,False
315259:answer,51,False,51,False,51,False
315259:reason,1063,False,1063,False,1063,False
326931:question,319,False,319,False,319,False
326931:answer,15,False,15,False,15,False
326931:reason,1638,False,1638,False,1638,False
323125:question,216,False,216,False,216,False
323125:answer,99,False,99,False,99,False
323125:reason,1301,False,1301,False,1301,False
315123:question,233,False,233,False,233,False
315123:answer,100,False,100,False,100,False
315123:reason,908,False,908,False,908,False
336139:question,480,False,480,False,480,False
336139:answer,73,False,73,False,73,False
336139:reason,2346,False,2346,False,2346,False
336147:question,480,False,480,False,480,False
336147:answer,73,False,73,False,73,False
336147:reason,2346,False,2346,False,2346,False
338883:question,646,False,646,False,646,False
338883:answer,51,False,51,False,51,False
338883:reason,1094,False,1094,False,1094,False
339585:question,509,False,509,False,509,False
339585:answer,51,False,51,False,51,False
339585:reason,2807,False,2807,False,2807,False
342703:question,346,False,346,False,346,False
342703:answer,56,False,56,False,56,False
342703:reason,3375,False,3375,False,3375,False
311559:question,105,False,105,False,105,False
311559:answer,57,False,57,False,57,False
311559:reason,1220,False,1220,False,1220,False
312645:question,83,False,83,False,83,False
312645:reason,927,False,927,False,927,False
322655:question,57,False,57,False,57,False
322655:answer,57,False,57,False,57,False
322655:reason,1297,False,1297,False,1297,False
313095:question,114,False,114,False,114,False
313095:answer,114,False,114,False,114,False
313095:reason,1135,False,1135,False,1135,False
330739:question,426,False,426,False,426,False
330739:answer,30,False,30,False,30,False
330739:reason,1856,False,1856,False,1856,False
323557:question,125,False,125,False,125,False
323557:answer,127,False,127,False,127,False
323557:reason,965,False,965,False,965,False
332971:question,147,False,147,False,147,False
332971:answer,66,False,66,False,66,False
332971:reason,1366,False,1366,False,1366,False
312942:question,40,False,40,False,40,False
312942:answer,37,False,37,False,37,False
312942:reason,957,False,957,False,957,False
331921:question,143,False,143,False,143,False
331921:answer,60,False,60,False,60,False
331921:reason,1277,False,1277,False,1277,False
329617:question,164,False,164,False,164,False
329617:answer,81,False,81,False,81,False
329617:reason,1022,False,1022,False,1022,False
327453:question,250,False,250,False,250,False
327453:answer,114,False,114,False,114,False
327453:reason,1435,False,1435,False,1435,False
326959:question,480,False,480,False,480,False
326959:answer,124,False,124,False,124,False
326959:reason,1327,False,1327,False,1327,False
334315:question,635,False,635,False,635,False
334315:answer,130,False,130,False,130,False
334315:reason,2123,False,2123,False,2123,False
334407:question,635,False,635,False,635,False
334407:answer,130,False,130,False,130,False
334407:reason,2123,False,2123,False,2123,False
330215:question,849,False,849,False,849,False
330215:answer,94,False,94,False,94,False
330215:reason,2108,False,2108,False,2108,False
312309:question,143,False,143,False,143,False
312309:answer,156,False,156,False,156,False
312309:reason,1360,False,1360,False,1360,False
314534:question,128,False,128,False,128,False
314534:answer,133,False,133,False,133,False
314534:reason,1640,False,1640,False,1640,False
329905:question,226,False,226,False,226,False
329905:answer,39,False,39,False,39,False
329905:reason,935,False,935,False,935,False
342533:question,243,False,243,False,243,False
342533:answer,65,False,65,False,65,False
342533:reason,2823,False,2823,False,2823,False
341299:question,337,False,337,False,337,False
341299:answer,36,False,36,False,36,False
341299:reason,1428,False,1428,False,1428,False
312572:question,97,False,97,False,97,False
312572:answer,75,False,75,False,75,False
312572:reason,711,False,711,False,711,False
324541:question,109,False,109,False,109,False
324541:answer,112,False,112,False,112,False
324541:reason,1172,False,1172,False,1172,False
312065:question,159,False,159,False,159,False
312065:answer,193,False,193,False,193,False
312065:reason,931,False,931,False,931,False
315381:question,100,False,100,False,100,False
315381:answer,42,False,42,False,42,False
315381:reason,982,False,982,False,982,False
328621:question,313,False,313,False,313,False
328621:answer,104,False,104,False,104,False
328621:reason,2746,False,2746,False,2746,False
327709:question,313,False,313,False,313,False
327709:answer,104,False,104,False,104,False
327709:reason,2746,False,2746,False,2746,False
313898:question,193,False,193,False,193,False
313898:answer,196,False,196,False,196,False
313898:reason,1787,False,1787,False,1787,False
312102:question,51,False,51,False,51,False
312102:answer,53,False,53,False,53,False
312102:reason,747,False,747,False,747,False
332505:question,481,False,481,False,481,False
332505:answer,104,False,104,False,104,False
332505:reason,1622,False,1622,False,1622,False
332511:question,481,False,481,False,481,False
332511:answer,104,False,104,False,104,False
332511:reason,1622,False,1622,False,1622,False
331263:question,452,False,452,False,452,False
331263:answer,108,False,108,False,108,False
331263:reason,1330,False,1330,False,1330,False
311807:question,52,False,52,False,52,False
311807:answer,55,False,55,False,55,False
311807:reason,902,False,902,False,902,False
330865:question,180,False,180,False,180,False
330865:answer,28,False,28,False,28,False
330865:reason,2057,False,2057,False,2057,False
312354:question,60,False,60,False,60,False
312354:answer,66,False,66,False,66,False
312354:reason,578,False,578,False,578,False
324607:question,106,False,106,False,106,False
324607:answer,110,False,110,False,110,False
324607:reason,1177,False,1177,False,1177,False
311821:question,48,False,48,False,48,False
311821:answer,50,False,50,False,50,False
311821:reason,1039,False,1039,False,1039,False
327073:question,756,False,756,False,756,False
327073:answer,182,False,182,False,182,False
327073:reason,1736,False,1736,False,1736,False
330533:question,756,False,756,False,756,False
330533:answer,182,False,182,False,182,False
330533:reason,1736,False,1736,False,1736,False
328757:question,314,False,314,False,314,False
328757:answer,64,False,64,False,64,False
328757:reason,2188,False,2188,False,2188,False
326703:question,314,False,314,False,314,False
326703:answer,64,False,64,False,64,False
326703:reason,2188,False,2188,False,2188,False
321665:question,211,False,211,False,211,False
321665:answer,214,False,214,False,214,False
321665:reason,1156,False,1156,False,1156,False
328389:question,613,False,613,False,613,False
328389:answer,75,False,75,False,75,False
328389:reason,1922,False,1922,False,1922,False
330917:question,529,False,529,False,529,False
330917:answer,76,False,76,False,76,False
330917:reason,1893,False,1893,False,1893,False
315389:question,292,False,292,False,292,False
315389:answer,100,False,100,False,100,False
315389:reason,1719,False,1719,False,1719,False
327455:question,208,False,208,False,208,False
327455:answer,21,False,21,False,21,False
327455:reason,1808,False,1808,False,1808,False
606173:holding,548,False,548,False,548,False
606173:summary,952,False,952,False,952,False
606173:body,3431,False,3431,False,3431,False
606703:body,8212,True,8212,True,8212,True
238191:holding,367,False,367,False,367,False
238191:summary,936,False,936,False,936,False
238191:body,1436,False,1436,False,1436,False
599993:body,30968,True,30968,True,30968,True
614445:body,17644,True,17644,True,17644,True
234859:body,6801,False,6801,False,6801,False
241313:body,17712,True,17712,True,17712,True
230709:holding,184,False,184,False,184,False
230709:body,1518,False,1518,False,1518,False
230719:holding,393,False,393,False,393,False
230719:body,1823,False,1823,False,1823,False
219795:holding,416,False,416,False,416,False
219795:summary,725,False,725,False,725,False
219795:body,3839,False,3839,False,3839,False
218177:holding,218,False,218,False,218,False
218177:summary,1012,False,1012,False,1012,False
218177:body,7188,False,7188,False,7188,False
217445:holding,217,False,217,False,217,False
217445:summary,667,False,667,False,667,False
217445:body,4300,False,4300,False,4300,False
226355:holding,132,False,132,False,132,False
226355:summary,376,False,376,False,376,False
226355:body,1909,False,1909,False,1909,False
213459:body,3716,False,3716,False,3716,False
231041:body,8130,False,8130,False,8130,False
225569:holding,94,False,94,False,94,False
225569:body,2083,False,2083,False,2083,False
220079:body,6023,False,6023,False,6023,False
221849:body,8138,False,8138,False,8138,False
208799:holding,248,False,248,False,248,False
208799:summary,601,False,601,False,601,False
208799:body,2656,False,2656,False,2656,False
221039:body,3865,False,3865,False,3865,False
225301:body,1421,False,1421,False,1421,False
214733:body,3524,False,3524,False,3524,False
225043:body,2585,False,2585,False,2585,False
224793:body,16285,True,16285,True,16285,True
235307:holding,54,False,54,False,54,False
235307:body,1496,False,1496,False,1496,False
231085:body,9707,True,9707,True,9707,True
220103:body,8722,True,8722,True,8722,True
209295:body,1693,False,1693,False,1693,False
207600:body,6276,False,6276,False,6276,False
214481:body,7484,False,7484,False,7484,False
202015:body,14988,True,14988,True,14988,True
185123:holding,317,False,317,False,317,False
185123:summary,462,False,462,False,462,False
185123:body,8540,True,8540,True,8540,True
422308:summary,57,False,57,False,57,False
422308:body,3697,False,3697,False,3697,False
187884:holding,217,False,217,False,217,False
187884:summary,1399,False,1399,False,1399,False
187884:body,11876,True,11876,True,11876,True
197710:body,29397,True,29397,True,29397,True
193054:body,8240,True,8240,True,8240,True
206246:body,5022,False,5022,False,5022,False
188048:body,6801,False,6801,False,6801,False
179409:body,5101,False,5101,False,5101,False
186025:body,2632,False,2632,False,2632,False
175314:holding,214,False,214,False,214,False
175314:summary,380,False,380,False,380,False
175314:body,9275,True,9275,True,9275,True
178233:body,2168,False,2168,False,2168,False
176631:body,3835,False,3835,False,3835,False
173639:holding,204,False,204,False,204,False
173639:summary,529,False,529,False,529,False
173639:body,1887,False,1887,False,1887,False
172338:holding,175,False,175,False,175,False
172338:summary,324,False,324,False,324,False
172338:body,4639,False,4639,False,4639,False
173365:body,2738,False,2738,False,2738,False
176129:body,1910,False,1910,False,1910,False
168361:holding,343,False,343,False,343,False
168361:body,4089,False,4089,False,4089,False
174688:body,3401,False,3401,False,3401,False
167495:holding,191,False,191,False,191,False
167495:body,3438,False,3438,False,3438,False
169284:body,3980,False,3980,False,3980,False
176186:body,5354,False,5354,False,5354,False
221215:body,158847,True,158847,True,158847,True
150882:holding,109,False,109,False,109,False
150882:summary,418,False,418,False,418,False
150882:body,1269,False,1269,False,1269,False
172767:body,5558,False,5558,False,5558,False
172774:body,5348,False,5348,False,5348,False
152371:body,7131,False,7131,False,7131,False
167461:body,12146,True,12146,True,12146,True
146814:holding,662,False,662,False,662,False
146814:summary,1074,False,1074,False,1074,False
146814:body,6704,False,6704,False,6704,False
221375:body,9277,True,9277,True,9277,True
172796:body,2811,False,2811,False,2811,False
166220:body,7714,False,7714,False,7714,False
227893:holding,82,False,82,False,82,False
227893:body,968,False,968,False,968,False
158628:body,4337,False,4337,False,4337,False
134316:holding,74,False,74,False,74,False
134316:summary,315,False,315,False,315,False
134316:body,2189,False,2189,False,2189,False
125868:holding,47,False,47,False,47,False
125868:summary,131,False,131,False,131,False
125868:body,2186,False,2186,False,2186,False
146395:body,4954,False,4954,False,4954,False
136397:body,7139,False,7139,False,7139,False
64669:body,4064,False,4064,False,4064,False
128294:body,1676,False,1676,False,1676,False
220689:body,3084,False,3084,False,3084,False
145823:body,20693,True,20693,True,20693,True
125397:body,5891,False,5891,False,5891,False
78996:body,4716,False,4716,False,4716,False
64619:body,22202,True,22202,True,22202,True
70347:holding,97,False,97,False,97,False
70347:summary,98,False,98,False,98,False
70347:body,7468,False,7468,False,7468,False
138715:body,8729,True,8729,True,8729,True
78448:body,5202,False,5202,False,5202,False
193906:holding,36,False,36,False,36,False
193906:summary,135,False,135,False,135,False
193906:body,1138,False,1138,False,1138,False
78290:body,40721,True,40721,True,40721,True
77202:body,7497,False,7497,False,7497,False
209775:holding,84,False,84,False,84,False
209775:body,3407,False,3407,False,3407,False
67148:holding,1045,False,1045,False,1045,False
67148:body,16996,True,16996,True,16996,True
212361:holding,261,False,261,False,261,False
212361:summary,275,False,275,False,275,False
212361:body,3747,False,3747,False,3747,False
82136:holding,298,False,298,False,298,False
82136:summary,586,False,586,False,586,False
82136:body,1844,False,1844,False,1844,False
194370:holding,253,False,253,False,253,False
194370:summary,592,False,592,False,592,False
194370:body,2340,False,2340,False,2340,False
77559:body,8459,True,8459,True,8459,True
190277:holding,92,False,92,False,92,False
190277:summary,359,False,359,False,359,False
190277:body,2495,False,2495,False,2495,False
81572:holding,166,False,166,False,166,False
81572:summary,491,False,491,False,491,False
81572:body,2551,False,2551,False,2551,False
81232:holding,64,False,64,False,64,False
81232:summary,181,False,181,False,181,False
81232:body,2947,False,2947,False,2947,False
191438:holding,130,False,130,False,130,False
191438:summary,197,False,197,False,197,False
191438:body,1748,False,1748,False,1748,False
195306:holding,147,False,147,False,147,False
195306:summary,298,False,298,False,298,False
195306:body,1652,False,1652,False,1652,False
196307:holding,137,False,137,False,137,False
196307:summary,296,False,296,False,296,False
196307:body,2573,False,2573,False,2573,False
129692:holding,92,False,92,False,92,False
129692:summary,180,False,180,False,180,False
129692:body,1337,False,1337,False,1337,False
114514:holding,139,False,139,False,139,False
114514:summary,250,False,250,False,250,False
114514:body,3127,False,3127,False,3127,False
620955:holding,139,False,139,False,139,False
620955:summary,250,False,250,False,250,False
620955:body,3144,False,3144,False,3144,False
197060:holding,169,False,169,False,169,False
197060:summary,469,False,469,False,469,False
197060:body,3953,False,3953,False,3953,False
198176:holding,44,False,44,False,44,False
198176:summary,470,False,470,False,470,False
198176:body,4687,False,4687,False,4687,False
198383:holding,101,False,101,False,101,False
198383:summary,227,False,227,False,227,False
198383:body,1100,False,1100,False,1100,False
599621:holding,165,False,165,False,165,False
599621:summary,351,False,351,False,351,False
599621:body,1732,False,1732,False,1732,False
199177:holding,165,False,165,False,165,False
199177:summary,351,False,351,False,351,False
199177:body,1732,False,1732,False,1732,False
199392:holding,78,False,78,False,78,False
199392:summary,337,False,337,False,337,False
199392:body,1630,False,1630,False,1630,False
199557:holding,88,False,88,False,88,False
199557:summary,132,False,132,False,132,False
199557:body,910,False,910,False,910,False
145900:holding,34,False,34,False,34,False
145900:summary,235,False,235,False,235,False
145900:body,5093,False,5093,False,5093,False
146007:holding,56,False,56,False,56,False
146007:summary,362,False,362,False,362,False
146007:body,9197,True,9197,True,9197,True
199762:holding,34,False,34,False,34,False
199762:summary,57,False,57,False,57,False
199762:body,843,False,843,False,843,False
200850:holding,44,False,44,False,44,False
200850:summary,200,False,200,False,200,False
200850:body,981,False,981,False,981,False
119644:holding,76,False,76,False,76,False
119644:summary,137,False,137,False,137,False
119644:body,1348,False,1348,False,1348,False
603793:holding,119,False,119,False,119,False
603793:summary,235,False,235,False,235,False
603793:body,1260,False,1260,False,1260,False
201003:holding,119,False,119,False,119,False
201003:summary,235,False,235,False,235,False
201003:body,1213,False,1213,False,1213,False
119271:holding,38,False,38,False,38,False
119271:summary,275,False,275,False,275,False
119271:body,1925,False,1925,False,1925,False
203368:holding,124,False,124,False,124,False
203368:summary,407,False,407,False,407,False
203368:body,945,False,945,False,945,False
108473:holding,154,False,154,False,154,False
108473:summary,238,False,238,False,238,False
108473:body,1092,False,1092,False,1092,False
118603:holding,22,False,22,False,22,False
118603:summary,219,False,219,False,219,False
118603:body,3862,False,3862,False,3862,False
204679:holding,98,False,98,False,98,False
204679:summary,199,False,199,False,199,False
204679:body,1140,False,1140,False,1140,False
118554:holding,71,False,71,False,71,False
118554:summary,189,False,189,False,189,False
118554:body,2774,False,2774,False,2774,False
118467:holding,10,False,10,False,10,False
118467:summary,111,False,111,False,111,False
118467:body,2064,False,2064,False,2064,False
118254:holding,34,False,34,False,34,False
118254:summary,130,False,130,False,130,False
118254:body,1429,False,1429,False,1429,False
76953:holding,26,False,26,False,26,False
76953:summary,305,False,305,False,305,False
76953:body,3844,False,3844,False,3844,False
76866:holding,16,False,16,False,16,False
76866:summary,178,False,178,False,178,False
76866:body,4068,False,4068,False,4068,False
102679:holding,17,False,17,False,17,False
102679:summary,164,False,164,False,164,False
102679:body,887,False,887,False,887,False
76581:holding,23,False,23,False,23,False
76581:summary,42,False,42,False,42,False
76581:body,2727,False,2727,False,2727,False
102127:holding,30,False,30,False,30,False
102127:summary,154,False,154,False,154,False
102127:body,2246,False,2246,False,2246,False
76316:holding,89,False,89,False,89,False
76316:summary,139,False,139,False,139,False
76316:body,3383,False,3383,False,3383,False
76224:holding,37,False,37,False,37,False
76224:summary,132,False,132,False,132,False
76224:body,6074,False,6074,False,6074,False
76041:holding,25,False,25,False,25,False
76041:summary,107,False,107,False,107,False
76041:body,1576,False,1576,False,1576,False
75972:holding,32,False,32,False,32,False
75972:summary,113,False,113,False,113,False
75972:body,1521,False,1521,False,1521,False
75969:holding,29,False,29,False,29,False
75969:summary,104,False,104,False,104,False
75969:body,1604,False,1604,False,1604,False
75968:holding,29,False,29,False,29,False
75968:summary,104,False,104,False,104,False
75968:body,3949,False,3949,False,3949,False
75922:holding,32,False,32,False,32,False
75922:summary,56,False,56,False,56,False
75922:body,1664,False,1664,False,1664,False
75865:holding,56,False,56,False,56,False
75865:summary,95,False,95,False,95,False
75865:body,1380,False,1380,False,1380,False
98789:holding,135,False,135,False,135,False
98789:summary,477,False,477,False,477,False
98789:body,1188,False,1188,False,1188,False
75527:holding,26,False,26,False,26,False
75527:summary,88,False,88,False,88,False
75527:body,2273,False,2273,False,2273,False
95218:holding,22,False,22,False,22,False
95218:summary,162,False,162,False,162,False
95218:body,1536,False,1536,False,1536,False
93527:holding,26,False,26,False,26,False
93527:summary,74,False,74,False,74,False
93527:body,1517,False,1517,False,1517,False
93419:holding,19,False,19,False,19,False
93419:summary,76,False,76,False,76,False
93419:body,1602,False,1602,False,1602,False
92170:holding,39,False,39,False,39,False
92170:summary,81,False,81,False,81,False
92170:body,1205,False,1205,False,1205,False
207732:holding,51,False,51,False,51,False
207732:summary,51,False,51,False,51,False
207732:body,574,False,574,False,574,False
601205:holding,122,False,122,False,122,False
601205:summary,123,False,123,False,123,False
601205:body,2617,False,2617,False,2617,False
152011:holding,45,False,45,False,45,False
152011:summary,114,False,114,False,114,False
152011:body,3203,False,3203,False,3203,False
166276:holding,36,False,36,False,36,False
166276:summary,37,False,37,False,37,False
166276:body,1365,False,1365,False,1365,False
208515:holding,33,False,33,False,33,False
208515:summary,62,False,62,False,62,False
208515:body,811,False,811,False,811,False
86018:holding,16,False,16,False,16,False
86018:summary,77,False,77,False,77,False
86018:body,11168,True,11168,True,11168,True
85856:holding,28,False,28,False,28,False
85856:summary,120,False,120,False,120,False
85856:body,4540,False,4540,False,4540,False
616615:body,11475,True,11475,True,11475,True
240881:holding,91,False,91,False,91,False
240881:body,2392,False,2392,False,2392,False
239503:holding,93,False,93,False,93,False
239503:body,1838,False,1838,False,1838,False
614403:body,2326,False,2326,False,2326,False
234373:body,2326,False,2326,False,2326,False
226923:body,1850,False,1850,False,1850,False
220051:body,6293,False,6293,False,6293,False
219521:holding,204,False,204,False,204,False
219521:body,2068,False,2068,False,2068,False
214415:holding,164,False,164,False,164,False
214415:body,1228,False,1228,False,1228,False
217149:body,2970,False,2970,False,2970,False
211719:holding,448,False,448,False,448,False
211719:summary,1175,False,1175,False,1175,False
211719:body,2566,False,2566,False,2566,False
220145:body,9215,True,9215,True,9215,True
225657:body,3696,False,3696,False,3696,False
208744:holding,352,False,352,False,352,False
208744:summary,637,False,637,False,637,False
208744:body,1798,False,1798,False,1798,False
210591:body,195317,True,195317,True,195317,True
205612:holding,307,False,307,False,307,False
205612:summary,620,False,620,False,620,False
205612:body,9515,True,9515,True,9515,True
209289:body,1419,False,1419,False,1419,False
186265:holding,203,False,203,False,203,False
186265:summary,597,False,597,False,597,False
186265:body,2976,False,2976,False,2976,False
209296:body,1994,False,1994,False,1994,False
202019:body,11046,True,11046,True,11046,True
200513:body,14556,True,14556,True,14556,True
182173:body,38415,True,38415,True,38415,True
175517:holding,86,False,86,False,86,False
175517:body,1849,False,1849,False,1849,False
174922:holding,86,False,86,False,86,False
174922:summary,475,False,475,False,475,False
174922:body,1845,False,1845,False,1845,False
176084:body,8896,True,8896,True,8896,True
171638:holding,103,False,103,False,103,False
171638:summary,382,False,382,False,382,False
171638:body,2318,False,2318,False,2318,False
171436:holding,130,False,130,False,130,False
171436:summary,223,False,223,False,223,False
171436:body,6428,False,6428,False,6428,False
169182:holding,165,False,165,False,165,False
169182:summary,567,False,567,False,567,False
169182:body,6384,False,6384,False,6384,False
179413:body,4040,False,4040,False,4040,False
164791:holding,294,False,294,False,294,False
164791:body,1091,False,1091,False,1091,False
147601:holding,65,False,65,False,65,False
147601:summary,362,False,362,False,362,False
147601:body,911,False,911,False,911,False
147416:holding,107,False,107,False,107,False
147416:body,1325,False,1325,False,1325,False
148095:body,1357,False,1357,False,1357,False
144523:holding,126,False,126,False,126,False
144523:summary,505,False,505,False,505,False
144523:body,1429,False,1429,False,1429,False
146381:body,2680,False,2680,False,2680,False
148092:body,1152,False,1152,False,1152,False
144613:body,3554,False,3554,False,3554,False
138244:body,3269,False,3269,False,3269,False
221435:body,1563,False,1563,False,1563,False
64441:holding,187,False,187,False,187,False
64441:body,2963,False,2963,False,2963,False
69112:holding,127,False,127,False,127,False
69112:body,1848,False,1848,False,1848,False
67976:holding,106,False,106,False,106,False
67976:body,1185,False,1185,False,1185,False
77556:body,1624,False,1624,False,1624,False
67646:holding,226,False,226,False,226,False
67646:body,2539,False,2539,False,2539,False
78291:body,3213,False,3213,False,3213,False
78039:body,10200,True,10200,True,10200,True
77435:body,3616,False,3616,False,3616,False
69571:holding,96,False,96,False,96,False
69571:summary,266,False,266,False,266,False
69571:body,14317,True,14317,True,14317,True
194589:holding,81,False,81,False,81,False
194589:summary,451,False,451,False,451,False
194589:body,2078,False,2078,False,2078,False
81923:holding,28,False,28,False,28,False
81923:summary,58,False,58,False,58,False
81923:body,344,False,344,False,344,False
81796:holding,72,False,72,False,72,False
81796:summary,289,False,289,False,289,False
81796:body,2401,False,2401,False,2401,False
81670:holding,125,False,125,False,125,False
81670:summary,543,False,543,False,543,False
81670:body,2071,False,2071,False,2071,False
71452:holding,107,False,107,False,107,False
71452:summary,426,False,426,False,426,False
71452:body,1302,False,1302,False,1302,False
191129:holding,394,False,394,False,394,False
191129:summary,580,False,580,False,580,False
191129:body,2185,False,2185,False,2185,False
220901:holding,118,False,118,False,118,False
220901:summary,196,False,196,False,196,False
220901:body,1176,False,1176,False,1176,False
190645:holding,73,False,73,False,73,False
190645:summary,301,False,301,False,301,False
190645:body,2031,False,2031,False,2031,False
117855:holding,38,False,38,False,38,False
117855:summary,150,False,150,False,150,False
117855:body,1520,False,1520,False,1520,False
198072:holding,69,False,69,False,69,False
198072:summary,267,False,267,False,267,False
198072:body,602,False,602,False,602,False
145953:holding,65,False,65,False,65,False
145953:summary,257,False,257,False,257,False
145953:body,2444,False,2444,False,2444,False
199170:holding,68,False,68,False,68,False
199170:summary,375,False,375,False,375,False
199170:body,1426,False,1426,False,1426,False
199672:holding,140,False,140,False,140,False
199672:summary,457,False,457,False,457,False
199672:body,1576,False,1576,False,1576,False
200803:holding,33,False,33,False,33,False
200803:summary,317,False,317,False,317,False
200803:body,2868,False,2868,False,2868,False
604239:holding,115,False,115,False,115,False
604239:summary,195,False,195,False,195,False
604239:body,745,False,745,False,745,False
201028:holding,115,False,115,False,115,False
201028:summary,195,False,195,False,195,False
201028:body,720,False,720,False,720,False
203653:holding,42,False,42,False,42,False
203653:summary,202,False,202,False,202,False
203653:body,544,False,544,False,544,False
118662:holding,54,False,54,False,54,False
118662:summary,216,False,216,False,216,False
118662:body,1835,False,1835,False,1835,False
76125:holding,41,False,41,False,41,False
76125:summary,79,False,79,False,79,False
76125:body,1174,False,1174,False,1174,False
76065:holding,31,False,31,False,31,False
76065:summary,124,False,124,False,124,False
76065:body,3640,False,3640,False,3640,False
75717:holding,18,False,18,False,18,False
75717:summary,77,False,77,False,77,False
75717:body,1433,False,1433,False,1433,False
95575:holding,31,False,31,False,31,False
95575:summary,76,False,76,False,76,False
95575:body,804,False,804,False,804,False
154626:holding,20,False,20,False,20,False
154626:summary,20,False,20,False,20,False
154626:body,1351,False,1351,False,1351,False
153481:holding,25,False,25,False,25,False
153481:summary,46,False,46,False,46,False
153481:body,434,False,434,False,434,False
208518:holding,62,False,62,False,62,False
208518:summary,44,False,44,False,44,False
208518:body,1689,False,1689,False,1689,False
609461:holding,139,False,139,False,139,False
609461:summary,1250,False,1250,False,1250,False
609461:body,2247,False,2247,False,2247,False
618079:holding,139,False,139,False,139,False
618079:body,1698,False,1698,False,1698,False
613157:holding,196,False,196,False,196,False
613157:body,833,False,833,False,833,False
613343:body,1586,False,1586,False,1586,False
611987:body,1102,False,1102,False,1102,False
234593:holding,94,False,94,False,94,False
234593:summary,750,False,750,False,750,False
234593:body,1296,False,1296,False,1296,False
239561:holding,322,False,322,False,322,False
239561:body,1077,False,1077,False,1077,False
232565:holding,123,False,123,False,123,False
232565:summary,198,False,198,False,198,False
232565:body,2170,False,2170,False,2170,False
614405:body,903,False,903,False,903,False
234367:body,904,False,904,False,904,False
237017:holding,124,False,124,False,124,False
237017:body,1813,False,1813,False,1813,False
228551:holding,278,False,278,False,278,False
228551:summary,570,False,570,False,570,False
228551:body,2426,False,2426,False,2426,False
234029:body,4796,False,4796,False,4796,False
219683:holding,213,False,213,False,213,False
219683:summary,529,False,529,False,529,False
219683:body,1741,False,1741,False,1741,False
221869:holding,118,False,118,False,118,False
221869:summary,328,False,328,False,328,False
221869:body,2324,False,2324,False,2324,False
238367:body,2996,False,2996,False,2996,False
219821:holding,151,False,151,False,151,False
219821:summary,289,False,289,False,289,False
219821:body,637,False,637,False,637,False
230799:body,3467,False,3467,False,3467,False
238371:body,2725,False,2725,False,2725,False
219767:holding,112,False,112,False,112,False
219767:summary,269,False,269,False,269,False
219767:body,2660,False,2660,False,2660,False
223401:holding,156,False,156,False,156,False
223401:body,1964,False,1964,False,1964,False
218171:holding,384,False,384,False,384,False
218171:summary,1134,False,1134,False,1134,False
218171:body,5864,False,5864,False,5864,False
216659:holding,132,False,132,False,132,False
216659:summary,448,False,448,False,448,False
216659:body,945,False,945,False,945,False
226833:body,1076,False,1076,False,1076,False
214309:holding,124,False,124,False,124,False
214309:summary,532,False,532,False,532,False
214309:body,1464,False,1464,False,1464,False
214271:holding,248,False,248,False,248,False
214271:summary,751,False,751,False,751,False
214271:body,1167,False,1167,False,1167,False
226493:body,3513,False,3513,False,3513,False
218391:body,14360,True,14360,True,14360,True
214717:body,2121,False,2121,False,2121,False
233417:body,10247,True,10247,True,10247,True
220077:body,4652,False,4652,False,4652,False
225403:holding,406,False,406,False,406,False
225403:body,1642,False,1642,False,1642,False
208732:holding,108,False,108,False,108,False
208732:summary,315,False,315,False,315,False
208732:body,1197,False,1197,False,1197,False
225325:holding,236,False,236,False,236,False
225325:body,1316,False,1316,False,1316,False
207485:holding,273,False,273,False,273,False
207485:summary,446,False,446,False,446,False
207485:body,3189,False,3189,False,3189,False
225139:body,2696,False,2696,False,2696,False
225081:body,4275,False,4275,False,4275,False
224995:body,7827,False,7827,False,7827,False
193378:holding,46,False,46,False,46,False
193378:summary,290,False,290,False,290,False
193378:body,2272,False,2272,False,2272,False
202074:body,3735,False,3735,False,3735,False
209299:body,3074,False,3074,False,3074,False
207549:body,6981,False,6981,False,6981,False
224367:body,2811,False,2811,False,2811,False
182851:holding,157,False,157,False,157,False
182851:summary,328,False,328,False,328,False
182851:body,6636,False,6636,False,6636,False
197876:body,1871,False,1871,False,1871,False
178651:holding,180,False,180,False,180,False
178651:summary,273,False,273,False,273,False
178651:body,6680,False,6680,False,6680,False
182182:body,16744,True,16744,True,16744,True
175509:holding,45,False,45,False,45,False
175509:body,1048,False,1048,False,1048,False
172631:holding,87,False,87,False,87,False
172631:body,2404,False,2404,False,2404,False
184214:body,5879,False,5879,False,5879,False
174704:body,1334,False,1334,False,1334,False
179979:body,6839,False,6839,False,6839,False
221129:body,16665,True,16665,True,16665,True
170373:body,12360,True,12360,True,12360,True
221355:body,8727,True,8727,True,8727,True
146170:holding,61,False,61,False,61,False
146170:summary,150,False,150,False,150,False
146170:body,548,False,548,False,548,False
71138:holding,45,False,45,False,45,False
71138:summary,299,False,299,False,299,False
71138:body,2539,False,2539,False,2539,False
69369:holding,145,False,145,False,145,False
69369:body,1386,False,1386,False,1386,False
419686:summary,38,False,38,False,38,False
419686:body,1801,False,1801,False,1801,False
128020:body,4169,False,4169,False,4169,False
419976:summary,77,False,77,False,77,False
419976:body,6553,False,6553,False,6553,False
145785:holding,30,False,30,False,30,False
145785:summary,267,False,267,False,267,False
145785:body,1681,False,1681,False,1681,False
67649:holding,226,False,226,False,226,False
67649:body,2353,False,2353,False,2353,False
83816:holding,128,False,128,False,128,False
83816:summary,208,False,208,False,208,False
83816:body,1148,False,1148,False,1148,False
70172:holding,213,False,213,False,213,False
70172:summary,215,False,215,False,215,False
70172:body,13482,True,13482,True,13482,True
77384:body,5848,False,5848,False,5848,False
194724:holding,236,False,236,False,236,False
194724:summary,679,False,679,False,679,False
194724:body,5034,False,5034,False,5034,False
81197:holding,38,False,38,False,38,False
81197:summary,136,False,136,False,136,False
81197:body,1814,False,1814,False,1814,False
191525:holding,130,False,130,False,130,False
191525:summary,131,False,131,False,131,False
191525:body,1256,False,1256,False,1256,False
121063:holding,73,False,73,False,73,False
121063:summary,445,False,445,False,445,False
121063:body,1938,False,1938,False,1938,False
195045:holding,82,False,82,False,82,False
195045:summary,337,False,337,False,337,False
195045:body,1989,False,1989,False,1989,False
197473:holding,199,False,199,False,199,False
197473:summary,739,False,739,False,739,False
197473:body,3618,False,3618,False,3618,False
197059:holding,50,False,50,False,50,False
197059:summary,183,False,183,False,183,False
197059:body,1705,False,1705,False,1705,False
200001:holding,73,False,73,False,73,False
200001:summary,185,False,185,False,185,False
200001:body,588,False,588,False,588,False
200720:holding,122,False,122,False,122,False
200720:summary,586,False,586,False,586,False
200720:body,2945,False,2945,False,2945,False
202844:holding,91,False,91,False,91,False
202844:summary,262,False,262,False,262,False
202844:body,563,False,563,False,563,False
204983:holding,291,False,291,False,291,False
204983:summary,579,False,579,False,579,False
204983:body,1549,False,1549,False,1549,False
107886:holding,91,False,91,False,91,False
107886:summary,329,False,329,False,329,False
107886:body,1039,False,1039,False,1039,False
107483:holding,85,False,85,False,85,False
107483:summary,216,False,216,False,216,False
107483:body,2352,False,2352,False,2352,False
118270:holding,59,False,59,False,59,False
118270:summary,142,False,142,False,142,False
118270:body,1322,False,1322,False,1322,False
100337:holding,40,False,40,False,40,False
100337:summary,126,False,126,False,126,False
100337:body,1783,False,1783,False,1783,False
99871:holding,44,False,44,False,44,False
99871:summary,123,False,123,False,123,False
99871:body,3276,False,3276,False,3276,False
75928:holding,65,False,65,False,65,False
75928:summary,78,False,78,False,78,False
75928:body,3108,False,3108,False,3108,False
209009:holding,15,False,15,False,15,False
209009:summary,198,False,198,False,198,False
209009:body,1925,False,1925,False,1925,False
365360:body,3137,False,3137,False,3137,False
609463:holding,125,False,125,False,125,False
609463:summary,1320,False,1320,False,1320,False
609463:body,32904,True,32904,True,32904,True
613109:holding,132,False,132,False,132,False
613109:body,3244,False,3244,False,3244,False
614425:body,4162,False,4162,False,4162,False
605221:body,7488,False,7488,False,7488,False
420952:body,6317,False,6317,False,6317,False
421348:summary,512,False,512,False,512,False
421348:body,140,False,140,False,140,False
607261:body,10397,True,10397,True,10397,True
235013:holding,78,False,78,False,78,False
235013:summary,551,False,551,False,551,False
235013:body,1231,False,1231,False,1231,False
239745:holding,259,False,259,False,259,False
239745:body,2283,False,2283,False,2283,False
234457:holding,168,False,168,False,168,False
234457:summary,418,False,418,False,418,False
234457:body,2645,False,2645,False,2645,False
233989:holding,191,False,191,False,191,False
233989:summary,971,False,971,False,971,False
233989:body,1929,False,1929,False,1929,False
239565:holding,203,False,203,False,203,False
239565:body,2240,False,2240,False,2240,False
605043:body,7987,False,7987,False,7987,False
233891:holding,151,False,151,False,151,False
233891:summary,760,False,760,False,760,False
233891:body,1658,False,1658,False,1658,False
234549:body,2183,False,2183,False,2183,False
606613:body,6391,False,6391,False,6391,False
424024:body,7117,False,7117,False,7117,False
242089:body,9087,True,9087,True,9087,True
227187:holding,240,False,240,False,240,False
227187:summary,493,False,493,False,493,False
227187:body,1711,False,1711,False,1711,False
220239:holding,318,False,318,False,318,False
220239:summary,732,False,732,False,732,False
220239:body,3552,False,3552,False,3552,False
238121:body,1934,False,1934,False,1934,False
605045:body,13486,True,13486,True,13486,True
219815:holding,73,False,73,False,73,False
219815:summary,218,False,218,False,218,False
219815:body,583,False,583,False,583,False
219895:holding,141,False,141,False,141,False
219895:summary,456,False,456,False,456,False
219895:body,9020,True,9020,True,9020,True
234557:body,5352,False,5352,False,5352,False
234439:body,1210,False,1210,False,1210,False
219457:holding,194,False,194,False,194,False
219457:body,1881,False,1881,False,1881,False
218835:holding,232,False,232,False,232,False
218835:summary,443,False,443,False,443,False
218835:body,3641,False,3641,False,3641,False
218831:holding,294,False,294,False,294,False
218831:summary,608,False,608,False,608,False
218831:body,13740,True,13740,True,13740,True
219543:holding,196,False,196,False,196,False
219543:body,789,False,789,False,789,False
226859:holding,90,False,90,False,90,False
226859:summary,1043,False,1043,False,1043,False
226859:body,22259,True,22259,True,22259,True
219161:holding,164,False,164,False,164,False
219161:body,1602,False,1602,False,1602,False
218217:holding,27,False,27,False,27,False
218217:body,2988,False,2988,False,2988,False
218749:holding,223,False,223,False,223,False
218749:body,1161,False,1161,False,1161,False
234559:body,6211,False,6211,False,6211,False
217565:body,4180,False,4180,False,4180,False
220131:body,42911,True,42911,True,42911,True
420392:summary,124,False,124,False,124,False
420392:body,128,False,128,False,128,False
220393:body,4099,False,4099,False,4099,False
216749:body,5100,False,5100,False,5100,False
214325:holding,183,False,183,False,183,False
214325:summary,328,False,328,False,328,False
214325:body,927,False,927,False,927,False
226591:holding,95,False,95,False,95,False
226591:body,1530,False,1530,False,1530,False
217061:body,34757,True,34757,True,34757,True
237009:body,4968,False,4968,False,4968,False
423498:summary,124,False,124,False,124,False
423498:body,2619,False,2619,False,2619,False
226507:body,199491,True,199491,True,199491,True
420706:summary,108,False,108,False,108,False
420706:body,10970,True,10970,True,10970,True
420674:summary,66,False,66,False,66,False
420674:body,8351,True,8351,True,8351,True
211709:holding,66,False,66,False,66,False
211709:summary,1202,False,1202,False,1202,False
211709:body,2384,False,2384,False,2384,False
213441:body,1876,False,1876,False,1876,False
211645:holding,299,False,299,False,299,False
211645:summary,483,False,483,False,483,False
211645:body,9309,True,9309,True,9309,True
226321:holding,275,False,275,False,275,False
226321:summary,934,False,934,False,934,False
226321:body,16703,True,16703,True,16703,True
211423:holding,424,False,424,False,424,False
211423:summary,1269,False,1269,False,1269,False
211423:body,2504,False,2504,False,2504,False
226107:holding,294,False,294,False,294,False
226107:summary,1441,False,1441,False,1441,False
226107:body,6407,False,6407,False,6407,False
420334:summary,167,False,167,False,167,False
420334:body,2426,False,2426,False,2426,False
222843:body,12618,True,12618,True,12618,True
423496:summary,124,False,124,False,124,False
423496:body,5417,False,5417,False,5417,False
225947:holding,140,False,140,False,140,False
225947:summary,532,False,532,False,532,False
225947:body,14944,True,14944,True,14944,True
601983:body,8231,True,8231,True,8231,True
225835:body,11247,True,11247,True,11247,True
210551:holding,98,False,98,False,98,False
210551:summary,424,False,424,False,424,False
210551:body,1595,False,1595,False,1595,False
214673:body,11732,True,11732,True,11732,True
240103:body,29983,True,29983,True,29983,True
209128:holding,87,False,87,False,87,False
209128:summary,200,False,200,False,200,False
209128:body,1511,False,1511,False,1511,False
208734:holding,278,False,278,False,278,False
208734:summary,1219,False,1219,False,1219,False
208734:body,2150,False,2150,False,2150,False
225211:holding,132,False,132,False,132,False
225211:body,1645,False,1645,False,1645,False
225229:holding,480,False,480,False,480,False
225229:body,1288,False,1288,False,1288,False
221041:body,8192,False,8192,False,8192,False
225083:holding,87,False,87,False,87,False
225083:body,1559,False,1559,False,1559,False
422744:summary,213,False,213,False,213,False
422744:body,4578,False,4578,False,4578,False
422676:summary,69,False,69,False,69,False
422676:body,13819,True,13819,True,13819,True
225059:body,28789,True,28789,True,28789,True
218393:body,22221,True,22221,True,22221,True
204666:holding,235,False,235,False,235,False
204666:summary,3798,False,3798,False,3798,False
204666:body,34534,True,34534,True,34534,True
219763:holding,429,False,429,False,429,False
219763:summary,1012,False,1012,False,1012,False
219763:body,2715,False,2715,False,2715,False
231519:holding,350,False,350,False,350,False
231519:body,1808,False,1808,False,1808,False
231537:holding,225,False,225,False,225,False
231537:body,1304,False,1304,False,1304,False
223419:holding,264,False,264,False,264,False
223419:body,2595,False,2595,False,2595,False
222833:body,9300,True,9300,True,9300,True
227015:body,3142,False,3142,False,3142,False
221903:body,3199,False,3199,False,3199,False
222871:body,4013,False,4013,False,4013,False
211611:holding,408,False,408,False,408,False
211611:summary,674,False,674,False,674,False
211611:body,1172,False,1172,False,1172,False
222889:body,2062,False,2062,False,2062,False
225181:body,1476,False,1476,False,1476,False
206323:holding,356,False,356,False,356,False
206323:body,1432,False,1432,False,1432,False
203759:holding,263,False,263,False,263,False
203759:summary,423,False,423,False,423,False
203759:body,9316,True,9316,True,9316,True
199734:holding,267,False,267,False,267,False
199734:summary,537,False,537,False,537,False
199734:body,2106,False,2106,False,2106,False
209290:body,1382,False,1382,False,1382,False
194234:holding,132,False,132,False,132,False
194234:summary,263,False,263,False,263,False
194234:body,1698,False,1698,False,1698,False
235239:holding,166,False,166,False,166,False
235239:body,1433,False,1433,False,1433,False
202991:body,3671,False,3671,False,3671,False
197934:holding,301,False,301,False,301,False
197934:body,1647,False,1647,False,1647,False
197932:holding,135,False,135,False,135,False
197932:body,961,False,961,False,961,False
209387:body,4347,False,4347,False,4347,False
186353:holding,121,False,121,False,121,False
186353:body,1804,False,1804,False,1804,False
197834:body,4137,False,4137,False,4137,False
183674:holding,195,False,195,False,195,False
183674:summary,908,False,908,False,908,False
183674:body,1371,False,1371,False,1371,False
185929:body,51780,True,51780,True,51780,True
197854:body,7433,False,7433,False,7433,False
183073:holding,257,False,257,False,257,False
183073:summary,592,False,592,False,592,False
183073:body,1462,False,1462,False,1462,False
210989:body,2775,False,2775,False,2775,False
183725:body,4937,False,4937,False,4937,False
179955:body,3993,False,3993,False,3993,False
179490:holding,98,False,98,False,98,False
179490:summary,177,False,177,False,177,False
179490:body,1044,False,1044,False,1044,False
179849:holding,193,False,193,False,193,False
179849:body,3369,False,3369,False,3369,False
179160:holding,136,False,136,False,136,False
179160:summary,338,False,338,False,338,False
179160:body,3685,False,3685,False,3685,False
178074:holding,102,False,102,False,102,False
178074:summary,162,False,162,False,162,False
178074:body,1181,False,1181,False,1181,False
177910:holding,65,False,65,False,65,False
177910:summary,158,False,158,False,158,False
177910:body,553,False,553,False,553,False
176271:holding,99,False,99,False,99,False
176271:summary,478,False,478,False,478,False
176271:body,1742,False,1742,False,1742,False
174940:holding,284,False,284,False,284,False
174940:summary,805,False,805,False,805,False
174940:body,7749,False,7749,False,7749,False
421370:summary,91,False,91,False,91,False
421370:body,6814,False,6814,False,6814,False
177488:holding,168,False,168,False,168,False
177488:body,1715,False,1715,False,1715,False
188128:body,11130,True,11130,True,11130,True
176290:body,5802,False,5802,False,5802,False
173947:holding,122,False,122,False,122,False
173947:body,2631,False,2631,False,2631,False
174081:holding,32,False,32,False,32,False
174081:body,896,False,896,False,896,False
239169:body,6654,False,6654,False,6654,False
171222:holding,152,False,152,False,152,False
171222:summary,426,False,426,False,426,False
171222:body,4019,False,4019,False,4019,False
191282:holding,158,False,158,False,158,False
191282:summary,535,False,535,False,535,False
191282:body,2712,False,2712,False,2712,False
168106:holding,71,False,71,False,71,False
168106:summary,147,False,147,False,147,False
168106:body,2554,False,2554,False,2554,False
171011:holding,67,False,67,False,67,False
171011:body,1207,False,1207,False,1207,False
184215:body,3051,False,3051,False,3051,False
165781:holding,116,False,116,False,116,False
165781:summary,292,False,292,False,292,False
165781:body,1112,False,1112,False,1112,False
167463:body,3354,False,3354,False,3354,False
168992:body,3534,False,3534,False,3534,False
167619:body,3147,False,3147,False,3147,False
166779:holding,237,False,237,False,237,False
166779:body,1281,False,1281,False,1281,False
176114:body,1555,False,1555,False,1555,False
162357:holding,308,False,308,False,308,False
162357:body,1158,False,1158,False,1158,False
221213:body,41152,True,41152,True,41152,True
172109:body,5034,False,5034,False,5034,False
221207:body,4485,False,4485,False,4485,False
167108:body,2920,False,2920,False,2920,False
149537:body,9611,True,9611,True,9611,True
600955:holding,114,False,114,False,114,False
600955:summary,425,False,425,False,425,False
600955:body,1783,False,1783,False,1783,False
215583:holding,149,False,149,False,149,False
215583:summary,551,False,551,False,551,False
215583:body,2420,False,2420,False,2420,False
144192:body,7250,False,7250,False,7250,False
142570:holding,55,False,55,False,55,False
142570:body,749,False,749,False,749,False
140172:holding,167,False,167,False,167,False
140172:summary,314,False,314,False,314,False
140172:body,2111,False,2111,False,2111,False
142005:body,4767,False,4767,False,4767,False
136157:holding,36,False,36,False,36,False
136157:summary,139,False,139,False,139,False
136157:body,7906,False,7906,False,7906,False
134324:holding,68,False,68,False,68,False
134324:body,2187,False,2187,False,2187,False
144159:body,8554,True,8554,True,8554,True
139671:body,5361,False,5361,False,5361,False
159777:body,3041,False,3041,False,3041,False
139656:body,15099,True,15099,True,15099,True
142727:body,2260,False,2260,False,2260,False
125201:holding,35,False,35,False,35,False
125201:summary,242,False,242,False,242,False
125201:body,3945,False,3945,False,3945,False
152091:body,3650,False,3650,False,3650,False
69407:holding,105,False,105,False,105,False
69407:body,1585,False,1585,False,1585,False
85609:holding,134,False,134,False,134,False
85609:summary,223,False,223,False,223,False
85609:body,542,False,542,False,542,False
85578:holding,200,False,200,False,200,False
85578:summary,585,False,585,False,585,False
85578:body,2622,False,2622,False,2622,False
69292:holding,101,False,101,False,101,False
69292:body,1010,False,1010,False,1010,False
68984:holding,216,False,216,False,216,False
68984:body,3595,False,3595,False,3595,False
85255:holding,191,False,191,False,191,False
85255:summary,457,False,457,False,457,False
85255:body,1576,False,1576,False,1576,False
68777:holding,10,False,10,False,10,False
68777:body,844,False,844,False,844,False
147076:holding,214,False,214,False,214,False
147076:summary,951,False,951,False,951,False
147076:body,5723,False,5723,False,5723,False
78209:body,3592,False,3592,False,3592,False
68198:holding,136,False,136,False,136,False
68198:body,2293,False,2293,False,2293,False
194041:holding,205,False,205,False,205,False
194041:summary,447,False,447,False,447,False
194041:body,2753,False,2753,False,2753,False
70532:holding,44,False,44,False,44,False
70532:summary,126,False,126,False,126,False
70532:body,5356,False,5356,False,5356,False
78885:body,1567,False,1567,False,1567,False
67857:holding,189,False,189,False,189,False
67857:body,984,False,984,False,984,False
84279:holding,125,False,125,False,125,False
84279:summary,371,False,371,False,371,False
84279:body,2965,False,2965,False,2965,False
78872:body,2922,False,2922,False,2922,False
193866:holding,113,False,113,False,113,False
193866:summary,261,False,261,False,261,False
193866:body,909,False,909,False,909,False
78901:body,2320,False,2320,False,2320,False
67627:holding,243,False,243,False,243,False
67627:body,4328,False,4328,False,4328,False
67567:holding,159,False,159,False,159,False
67567:body,1212,False,1212,False,1212,False
423168:summary,62,False,62,False,62,False
423168:body,1576,False,1576,False,1576,False
423174:summary,71,False,71,False,71,False
423174:body,2454,False,2454,False,2454,False
83626:holding,66,False,66,False,66,False
83626:summary,177,False,177,False,177,False
83626:body,1093,False,1093,False,1093,False
77891:body,4901,False,4901,False,4901,False
209701:holding,110,False,110,False,110,False
209701:body,3104,False,3104,False,3104,False
83010:holding,73,False,73,False,73,False
83010:summary,433,False,433,False,433,False
83010:body,1917,False,1917,False,1917,False
194575:holding,38,False,38,False,38,False
194575:summary,64,False,64,False,64,False
194575:body,958,False,958,False,958,False
212427:holding,43,False,43,False,43,False
212427:summary,251,False,251,False,251,False
212427:body,817,False,817,False,817,False
194367:holding,177,False,177,False,177,False
194367:summary,559,False,559,False,559,False
194367:body,1814,False,1814,False,1814,False
82116:holding,28,False,28,False,28,False
82116:summary,29,False,29,False,29,False
82116:body,1823,False,1823,False,1823,False
194785:holding,219,False,219,False,219,False
194785:summary,398,False,398,False,398,False
194785:body,1618,False,1618,False,1618,False
191502:holding,60,False,60,False,60,False
191502:summary,232,False,232,False,232,False
191502:body,1705,False,1705,False,1705,False
192568:holding,71,False,71,False,71,False
192568:summary,353,False,353,False,353,False
192568:body,3329,False,3329,False,3329,False
191269:holding,59,False,59,False,59,False
191269:summary,127,False,127,False,127,False
191269:body,783,False,783,False,783,False
191197:holding,102,False,102,False,102,False
191197:summary,347,False,347,False,347,False
191197:body,2470,False,2470,False,2470,False
192307:holding,146,False,146,False,146,False
192307:summary,263,False,263,False,263,False
192307:body,1962,False,1962,False,1962,False
117925:holding,45,False,45,False,45,False
117925:summary,90,False,90,False,90,False
117925:body,602,False,602,False,602,False
120826:holding,151,False,151,False,151,False
120826:summary,595,False,595,False,595,False
120826:body,4215,False,4215,False,4215,False
195159:holding,60,False,60,False,60,False
195159:summary,76,False,76,False,76,False
195159:body,616,False,616,False,616,False
196132:holding,229,False,229,False,229,False
196132:summary,471,False,471,False,471,False
196132:body,2044,False,2044,False,2044,False
196169:holding,306,False,306,False,306,False
196169:summary,1039,False,1039,False,1039,False
196169:body,3054,False,3054,False,3054,False
196259:holding,146,False,146,False,146,False
196259:summary,477,False,477,False,477,False
196259:body,1105,False,1105,False,1105,False
114996:holding,79,False,79,False,79,False
114996:summary,215,False,215,False,215,False
114996:body,1294,False,1294,False,1294,False
114573:holding,107,False,107,False,107,False
114573:summary,442,False,442,False,442,False
114573:body,1949,False,1949,False,1949,False
114510:holding,37,False,37,False,37,False
114510:summary,103,False,103,False,103,False
114510:body,4171,False,4171,False,4171,False
197384:holding,100,False,100,False,100,False
197384:summary,331,False,331,False,331,False
197384:body,1013,False,1013,False,1013,False
198219:holding,73,False,73,False,73,False
198219:summary,208,False,208,False,208,False
198219:body,1185,False,1185,False,1185,False
145956:holding,60,False,60,False,60,False
145956:summary,118,False,118,False,118,False
145956:body,1173,False,1173,False,1173,False
199935:holding,125,False,125,False,125,False
199935:summary,390,False,390,False,390,False
199935:body,1704,False,1704,False,1704,False
200010:holding,76,False,76,False,76,False
200010:summary,176,False,176,False,176,False
200010:body,719,False,719,False,719,False
200839:holding,65,False,65,False,65,False
200839:summary,276,False,276,False,276,False
200839:body,2074,False,2074,False,2074,False
122950:holding,55,False,55,False,55,False
122950:summary,147,False,147,False,147,False
122950:body,1222,False,1222,False,1222,False
602647:holding,48,False,48,False,48,False
602647:summary,49,False,49,False,49,False
602647:body,1570,False,1570,False,1570,False
200609:holding,48,False,48,False,48,False
200609:summary,49,False,49,False,49,False
200609:body,1520,False,1520,False,1520,False
202774:holding,104,False,104,False,104,False
202774:summary,164,False,164,False,164,False
202774:body,1868,False,1868,False,1868,False
203378:holding,107,False,107,False,107,False
203378:summary,315,False,315,False,315,False
203378:body,1578,False,1578,False,1578,False
204961:holding,248,False,248,False,248,False
204961:summary,491,False,491,False,491,False
204961:body,3081,False,3081,False,3081,False
108322:holding,78,False,78,False,78,False
108322:summary,190,False,190,False,190,False
108322:body,1468,False,1468,False,1468,False
105793:holding,94,False,94,False,94,False
105793:summary,355,False,355,False,355,False
105793:body,1788,False,1788,False,1788,False
104888:holding,31,False,31,False,31,False
104888:summary,137,False,137,False,137,False
104888:body,871,False,871,False,871,False
104884:holding,94,False,94,False,94,False
104884:summary,407,False,407,False,407,False
104884:body,2595,False,2595,False,2595,False
104923:holding,43,False,43,False,43,False
104923:summary,43,False,43,False,43,False
104923:body,1425,False,1425,False,1425,False
118434:holding,58,False,58,False,58,False
118434:summary,160,False,160,False,160,False
118434:body,951,False,951,False,951,False
118680:body,3743,False,3743,False,3743,False
220969:body,3232,False,3232,False,3232,False
103981:holding,41,False,41,False,41,False
103981:summary,264,False,264,False,264,False
103981:body,733,False,733,False,733,False
103864:holding,115,False,115,False,115,False
103864:summary,353,False,353,False,353,False
103864:body,2197,False,2197,False,2197,False
606351:body,7573,False,7573,False,7573,False
600035:body,2984,False,2984,False,2984,False
217731:holding,159,False,159,False,159,False
217731:summary,1211,False,1211,False,1211,False
217731:body,14922,True,14922,True,14922,True
210639:holding,151,False,151,False,151,False
210639:summary,418,False,418,False,418,False
210639:body,4442,False,4442,False,4442,False
186156:holding,133,False,133,False,133,False
186156:summary,223,False,223,False,223,False
186156:body,2182,False,2182,False,2182,False
224447:body,20695,True,20695,True,20695,True
198499:body,7606,False,7606,False,7606,False
205584:holding,53,False,53,False,53,False
205584:summary,228,False,228,False,228,False
205584:body,527,False,527,False,527,False
172131:body,10960,True,10960,True,10960,True
188236:body,5629,False,5629,False,5629,False
148356:body,12821,True,12821,True,12821,True
144364:holding,179,False,179,False,179,False
144364:summary,397,False,397,False,397,False
144364:body,15470,True,15470,True,15470,True
127687:body,6047,False,6047,False,6047,False
83035:holding,120,False,120,False,120,False
83035:summary,264,False,264,False,264,False
83035:body,2417,False,2417,False,2417,False
200802:holding,26,False,26,False,26,False
200802:summary,85,False,85,False,85,False
200802:body,504,False,504,False,504,False
602655:holding,46,False,46,False,46,False
602655:summary,150,False,150,False,150,False
602655:body,1570,False,1570,False,1570,False
200608:holding,46,False,46,False,46,False
200608:summary,150,False,150,False,150,False
200608:body,1532,False,1532,False,1532,False
154202:holding,39,False,39,False,39,False
154202:summary,37,False,37,False,37,False
154202:body,2659,False,2659,False,2659,False
423976:summary,275,False,275,False,275,False
423976:body,2708,False,2708,False,2708,False
223801:holding,67,False,67,False,67,False
223801:summary,1219,False,1219,False,1219,False
223801:body,16295,True,16295,True,16295,True
238619:body,3290,False,3290,False,3290,False
221819:body,6286,False,6286,False,6286,False
218249:holding,391,False,391,False,391,False
218249:body,3496,False,3496,False,3496,False
211311:holding,211,False,211,False,211,False
211311:summary,424,False,424,False,424,False
211311:body,3200,False,3200,False,3200,False
206149:holding,505,False,505,False,505,False
206149:summary,890,False,890,False,890,False
206149:body,1460,False,1460,False,1460,False
204904:holding,99,False,99,False,99,False
204904:body,1144,False,1144,False,1144,False
224785:body,7055,False,7055,False,7055,False
209372:body,4497,False,4497,False,4497,False
195441:holding,315,False,315,False,315,False
195441:body,2350,False,2350,False,2350,False
206399:body,1268,False,1268,False,1268,False
422230:summary,90,False,90,False,90,False
422230:body,4954,False,4954,False,4954,False
179493:holding,56,False,56,False,56,False
179493:summary,174,False,174,False,174,False
179493:body,1174,False,1174,False,1174,False
175397:holding,268,False,268,False,268,False
175397:summary,522,False,522,False,522,False
175397:body,4663,False,4663,False,4663,False
211501:body,6015,False,6015,False,6015,False
172105:body,4618,False,4618,False,4618,False
182148:body,7725,False,7725,False,7725,False
182151:body,2400,False,2400,False,2400,False
182172:body,5302,False,5302,False,5302,False
419834:summary,107,False,107,False,107,False
419834:body,4838,False,4838,False,4838,False
419474:summary,52,False,52,False,52,False
419474:body,3399,False,3399,False,3399,False
419724:summary,78,False,78,False,78,False
419724:body,4253,False,4253,False,4253,False
419734:summary,148,False,148,False,148,False
419734:body,4811,False,4811,False,4811,False
419274:summary,101,False,101,False,101,False
419274:body,2208,False,2208,False,2208,False
157668:holding,114,False,114,False,114,False
157668:summary,415,False,415,False,415,False
157668:body,1458,False,1458,False,1458,False
216891:holding,755,False,755,False,755,False
216891:summary,1218,False,1218,False,1218,False
216891:body,3360,False,3360,False,3360,False
161425:body,6730,False,6730,False,6730,False
161413:body,48202,True,48202,True,48202,True
149863:holding,364,False,364,False,364,False
149863:summary,722,False,722,False,722,False
149863:body,6721,False,6721,False,6721,False
150910:body,6889,False,6889,False,6889,False
172901:body,22905,True,22905,True,22905,True
171677:body,5370,False,5370,False,5370,False
146645:holding,158,False,158,False,158,False
146645:body,1707,False,1707,False,1707,False
600033:body,2896,False,2896,False,2896,False
221823:body,6961,False,6961,False,6961,False
214255:holding,665,False,665,False,665,False
214255:summary,1598,False,1598,False,1598,False
214255:body,5268,False,5268,False,5268,False
217141:body,1441,False,1441,False,1441,False
209263:body,3229,False,3229,False,3229,False
224847:body,5263,False,5263,False,5263,False
217685:body,6688,False,6688,False,6688,False
209373:body,6801,False,6801,False,6801,False
218155:body,3225,False,3225,False,3225,False
224595:body,3437,False,3437,False,3437,False
205491:body,5180,False,5180,False,5180,False
183206:body,1444,False,1444,False,1444,False
183735:body,2725,False,2725,False,2725,False
183134:body,2532,False,2532,False,2532,False
166457:holding,252,False,252,False,252,False
166457:summary,633,False,633,False,633,False
166457:body,3727,False,3727,False,3727,False
182132:body,2644,False,2644,False,2644,False
196525:holding,210,False,210,False,210,False
196525:summary,641,False,641,False,641,False
196525:body,1930,False,1930,False,1930,False
153109:holding,286,False,286,False,286,False
153109:summary,846,False,846,False,846,False
153109:body,1583,False,1583,False,1583,False
171095:body,2457,False,2457,False,2457,False
159819:body,1374,False,1374,False,1374,False
141479:holding,171,False,171,False,171,False
141479:body,941,False,941,False,941,False
152098:body,5826,False,5826,False,5826,False
147124:body,2474,False,2474,False,2474,False
134230:body,4219,False,4219,False,4219,False
70961:holding,42,False,42,False,42,False
70961:summary,207,False,207,False,207,False
70961:body,3330,False,3330,False,3330,False
70698:holding,295,False,295,False,295,False
70698:summary,1007,False,1007,False,1007,False
70698:body,4015,False,4015,False,4015,False
68368:holding,16,False,16,False,16,False
68368:body,2301,False,2301,False,2301,False
194055:holding,65,False,65,False,65,False
194055:summary,270,False,270,False,270,False
194055:body,1778,False,1778,False,1778,False
216005:holding,70,False,70,False,70,False
216005:summary,271,False,271,False,271,False
216005:body,1262,False,1262,False,1262,False
77904:body,2008,False,2008,False,2008,False
77793:body,2057,False,2057,False,2057,False
77924:body,3348,False,3348,False,3348,False
422360:summary,247,False,247,False,247,False
422360:body,731,False,731,False,731,False
77641:body,2041,False,2041,False,2041,False
83386:holding,208,False,208,False,208,False
83386:summary,372,False,372,False,372,False
83386:body,2264,False,2264,False,2264,False
77545:body,3769,False,3769,False,3769,False
83267:holding,260,False,260,False,260,False
83267:summary,560,False,560,False,560,False
83267:body,3088,False,3088,False,3088,False
69759:holding,171,False,171,False,171,False
69759:summary,554,False,554,False,554,False
69759:body,4370,False,4370,False,4370,False
126289:holding,246,False,246,False,246,False
126289:summary,704,False,704,False,704,False
126289:body,1741,False,1741,False,1741,False
81935:holding,204,False,204,False,204,False
81935:summary,577,False,577,False,577,False
81935:body,2153,False,2153,False,2153,False
81618:holding,141,False,141,False,141,False
81618:summary,240,False,240,False,240,False
81618:body,1341,False,1341,False,1341,False
81225:holding,141,False,141,False,141,False
81225:summary,328,False,328,False,328,False
81225:body,787,False,787,False,787,False
71470:holding,217,False,217,False,217,False
71470:summary,375,False,375,False,375,False
71470:body,6616,False,6616,False,6616,False
191539:holding,135,False,135,False,135,False
191539:summary,305,False,305,False,305,False
191539:body,1764,False,1764,False,1764,False
191014:holding,275,False,275,False,275,False
191014:summary,403,False,403,False,403,False
191014:body,2019,False,2019,False,2019,False
229405:holding,72,False,72,False,72,False
229405:summary,136,False,136,False,136,False
229405:body,1313,False,1313,False,1313,False
190669:holding,148,False,148,False,148,False
190669:summary,245,False,245,False,245,False
190669:body,891,False,891,False,891,False
229799:holding,88,False,88,False,88,False
229799:summary,702,False,702,False,702,False
229799:body,1020,False,1020,False,1020,False
230099:holding,374,False,374,False,374,False
230099:summary,897,False,897,False,897,False
230099:body,1866,False,1866,False,1866,False
422062:summary,98,False,98,False,98,False
422062:body,5593,False,5593,False,5593,False
212295:holding,80,False,80,False,80,False
212295:summary,188,False,188,False,188,False
212295:body,1922,False,1922,False,1922,False
195138:holding,92,False,92,False,92,False
195138:summary,222,False,222,False,222,False
195138:body,1567,False,1567,False,1567,False
120596:holding,53,False,53,False,53,False
120596:summary,135,False,135,False,135,False
120596:body,2931,False,2931,False,2931,False
223579:holding,140,False,140,False,140,False
223579:summary,640,False,640,False,640,False
223579:body,2293,False,2293,False,2293,False
196870:holding,146,False,146,False,146,False
196870:summary,464,False,464,False,464,False
196870:body,2824,False,2824,False,2824,False
197486:holding,45,False,45,False,45,False
197486:summary,218,False,218,False,218,False
197486:body,1262,False,1262,False,1262,False
223259:holding,39,False,39,False,39,False
223259:summary,404,False,404,False,404,False
223259:body,2123,False,2123,False,2123,False
198115:holding,122,False,122,False,122,False
198115:summary,480,False,480,False,480,False
198115:body,1104,False,1104,False,1104,False
199729:holding,151,False,151,False,151,False
199729:summary,506,False,506,False,506,False
199729:body,1761,False,1761,False,1761,False
201043:holding,307,False,307,False,307,False
201043:summary,633,False,633,False,633,False
201043:body,3533,False,3533,False,3533,False
604201:holding,307,False,307,False,307,False
604201:summary,633,False,633,False,633,False
604201:body,3533,False,3533,False,3533,False
203085:holding,82,False,82,False,82,False
203085:summary,171,False,171,False,171,False
203085:body,547,False,547,False,547,False
203150:holding,108,False,108,False,108,False
203150:summary,358,False,358,False,358,False
203150:body,2168,False,2168,False,2168,False
205259:holding,71,False,71,False,71,False
205259:summary,71,False,71,False,71,False
205259:body,1334,False,1334,False,1334,False
228729:holding,65,False,65,False,65,False
228729:summary,187,False,187,False,187,False
228729:body,2611,False,2611,False,2611,False
118524:holding,12,False,12,False,12,False
118524:summary,103,False,103,False,103,False
118524:body,2839,False,2839,False,2839,False
189199:holding,78,False,78,False,78,False
189199:summary,201,False,201,False,201,False
189199:body,1741,False,1741,False,1741,False
76972:holding,22,False,22,False,22,False
76972:summary,124,False,124,False,124,False
76972:body,2655,False,2655,False,2655,False
76840:holding,57,False,57,False,57,False
76840:summary,103,False,103,False,103,False
76840:body,2235,False,2235,False,2235,False
102846:holding,58,False,58,False,58,False
102846:summary,127,False,127,False,127,False
102846:body,647,False,647,False,647,False
131331:holding,41,False,41,False,41,False
131331:summary,80,False,80,False,80,False
131331:body,740,False,740,False,740,False
76595:holding,25,False,25,False,25,False
76595:summary,122,False,122,False,122,False
76595:body,1781,False,1781,False,1781,False
76531:holding,72,False,72,False,72,False
76531:summary,89,False,89,False,89,False
76531:body,849,False,849,False,849,False
76420:holding,30,False,30,False,30,False
76420:summary,91,False,91,False,91,False
76420:body,931,False,931,False,931,False
76434:holding,36,False,36,False,36,False
76434:summary,133,False,133,False,133,False
76434:body,1228,False,1228,False,1228,False
206763:holding,41,False,41,False,41,False
206763:summary,220,False,220,False,220,False
206763:body,1491,False,1491,False,1491,False
75833:holding,35,False,35,False,35,False
75833:summary,115,False,115,False,115,False
75833:body,1117,False,1117,False,1117,False
97557:holding,25,False,25,False,25,False
97557:summary,122,False,122,False,122,False
97557:body,915,False,915,False,915,False
96650:holding,26,False,26,False,26,False
96650:summary,107,False,107,False,107,False
96650:body,1439,False,1439,False,1439,False
93966:holding,29,False,29,False,29,False
93966:summary,133,False,133,False,133,False
93966:body,1306,False,1306,False,1306,False
92999:holding,59,False,59,False,59,False
92999:summary,154,False,154,False,154,False
92999:body,933,False,933,False,933,False
242043:body,16877,True,16877,True,16877,True
205423:body,15513,True,15513,True,15513,True
210633:body,8515,True,8515,True,8515,True
179826:holding,158,False,158,False,158,False
179826:body,1038,False,1038,False,1038,False
173644:holding,151,False,151,False,151,False
173644:summary,361,False,361,False,361,False
173644:body,9259,True,9259,True,9259,True
419986:summary,106,False,106,False,106,False
419986:body,4559,False,4559,False,4559,False
419052:summary,73,False,73,False,73,False
419052:body,7660,False,7660,False,7660,False
419196:summary,212,False,212,False,212,False
419196:body,15339,True,15339,True,15339,True
183717:body,41010,True,41010,True,41010,True
168700:body,8279,True,8279,True,8279,True
419296:summary,129,False,129,False,129,False
419296:body,6426,False,6426,False,6426,False
170422:body,6543,False,6543,False,6543,False
163301:body,7807,False,7807,False,7807,False
419848:summary,138,False,138,False,138,False
419848:body,8373,True,8373,True,8373,True
135905:body,2451,False,2451,False,2451,False
230599:body,2000,False,2000,False,2000,False
70787:holding,96,False,96,False,96,False
70787:summary,292,False,292,False,292,False
70787:body,1475,False,1475,False,1475,False
78966:body,8677,True,8677,True,8677,True
84943:holding,106,False,106,False,106,False
84943:summary,259,False,259,False,259,False
84943:body,2225,False,2225,False,2225,False
78297:body,1743,False,1743,False,1743,False
135921:body,3168,False,3168,False,3168,False
78627:body,965,False,965,False,965,False
78345:body,5363,False,5363,False,5363,False
70202:holding,74,False,74,False,74,False
70202:summary,75,False,75,False,75,False
70202:body,1407,False,1407,False,1407,False
78112:body,3869,False,3869,False,3869,False
67515:holding,137,False,137,False,137,False
67515:body,1341,False,1341,False,1341,False
210231:holding,174,False,174,False,174,False
210231:summary,891,False,891,False,891,False
210231:body,4455,False,4455,False,4455,False
69894:holding,120,False,120,False,120,False
69894:summary,277,False,277,False,277,False
69894:body,3204,False,3204,False,3204,False
142456:body,7859,False,7859,False,7859,False
128037:holding,143,False,143,False,143,False
128037:body,1514,False,1514,False,1514,False
70826:holding,99,False,99,False,99,False
70826:summary,222,False,222,False,222,False
70826:body,1200,False,1200,False,1200,False
69846:holding,189,False,189,False,189,False
69846:summary,483,False,483,False,483,False
69846:body,3832,False,3832,False,3832,False
194435:holding,63,False,63,False,63,False
194435:summary,214,False,214,False,214,False
194435:body,2003,False,2003,False,2003,False
194340:holding,115,False,115,False,115,False
194340:summary,576,False,576,False,576,False
194340:body,2817,False,2817,False,2817,False
194756:holding,205,False,205,False,205,False
194756:summary,494,False,494,False,494,False
194756:body,2749,False,2749,False,2749,False
81841:holding,175,False,175,False,175,False
81841:summary,357,False,357,False,357,False
81841:body,1235,False,1235,False,1235,False
191535:holding,169,False,169,False,169,False
191535:summary,529,False,529,False,529,False
191535:body,2289,False,2289,False,2289,False
71386:holding,85,False,85,False,85,False
71386:summary,852,False,852,False,852,False
71386:body,2293,False,2293,False,2293,False
191191:holding,143,False,143,False,143,False
191191:summary,234,False,234,False,234,False
191191:body,860,False,860,False,860,False
212233:holding,343,False,343,False,343,False
212233:summary,614,False,614,False,614,False
212233:body,2695,False,2695,False,2695,False
230177:holding,116,False,116,False,116,False
230177:summary,375,False,375,False,375,False
230177:body,1315,False,1315,False,1315,False
190331:holding,115,False,115,False,115,False
190331:summary,319,False,319,False,319,False
190331:body,1482,False,1482,False,1482,False
120874:holding,87,False,87,False,87,False
120874:summary,262,False,262,False,262,False
120874:body,2598,False,2598,False,2598,False
120730:holding,68,False,68,False,68,False
120730:summary,310,False,310,False,310,False
120730:body,2583,False,2583,False,2583,False
129758:holding,95,False,95,False,95,False
129758:summary,432,False,432,False,432,False
129758:body,1913,False,1913,False,1913,False
218415:body,5621,False,5621,False,5621,False
225735:holding,296,False,296,False,296,False
225735:summary,464,False,464,False,464,False
225735:body,3907,False,3907,False,3907,False
194200:holding,229,False,229,False,229,False
194200:summary,603,False,603,False,603,False
194200:body,4755,False,4755,False,4755,False
422390:summary,43,False,43,False,43,False
422390:body,6266,False,6266,False,6266,False
184573:holding,177,False,177,False,177,False
184573:summary,367,False,367,False,367,False
184573:body,11464,True,11464,True,11464,True
204555:body,11465,True,11465,True,11465,True
171961:holding,48,False,48,False,48,False
171961:body,2215,False,2215,False,2215,False
138423:holding,47,False,47,False,47,False
138423:summary,191,False,191,False,191,False
138423:body,1116,False,1116,False,1116,False
194484:holding,67,False,67,False,67,False
194484:summary,241,False,241,False,241,False
194484:body,2097,False,2097,False,2097,False
119648:holding,83,False,83,False,83,False
119648:summary,130,False,130,False,130,False
119648:body,334,False,334,False,334,False
203616:holding,144,False,144,False,144,False
203616:summary,298,False,298,False,298,False
203616:body,899,False,899,False,899,False
118885:holding,62,False,62,False,62,False
118885:summary,346,False,346,False,346,False
118885:body,4605,False,4605,False,4605,False
76053:holding,46,False,46,False,46,False
76053:summary,142,False,142,False,142,False
76053:body,5090,False,5090,False,5090,False
206425:holding,142,False,142,False,142,False
206425:summary,397,False,397,False,397,False
206425:body,2310,False,2310,False,2310,False
239903:holding,243,False,243,False,243,False
239903:summary,498,False,498,False,498,False
239903:body,3111,False,3111,False,3111,False
206273:holding,235,False,235,False,235,False
206273:summary,652,False,652,False,652,False
206273:body,7208,False,7208,False,7208,False
182598:body,2411,False,2411,False,2411,False
161408:body,5079,False,5079,False,5079,False
160688:body,2108,False,2108,False,2108,False
149529:holding,117,False,117,False,117,False
149529:summary,367,False,367,False,367,False
149529:body,1026,False,1026,False,1026,False
145766:holding,62,False,62,False,62,False
145766:summary,586,False,586,False,586,False
145766:body,15702,True,15702,True,15702,True
169059:body,5826,False,5826,False,5826,False
158507:body,2537,False,2537,False,2537,False
150093:holding,133,False,133,False,133,False
150093:summary,448,False,448,False,448,False
150093:body,10113,True,10113,True,10113,True
143186:body,1908,False,1908,False,1908,False
147106:body,4554,False,4554,False,4554,False
125869:holding,173,False,173,False,173,False
125869:body,2140,False,2140,False,2140,False
64705:holding,80,False,80,False,80,False
64705:summary,120,False,120,False,120,False
64705:body,1332,False,1332,False,1332,False
71075:holding,103,False,103,False,103,False
71075:summary,324,False,324,False,324,False
71075:body,1238,False,1238,False,1238,False
421408:summary,136,False,136,False,136,False
421408:body,13797,True,13797,True,13797,True
419610:summary,114,False,114,False,114,False
419610:body,3664,False,3664,False,3664,False
64869:body,1908,False,1908,False,1908,False
70446:holding,145,False,145,False,145,False
70446:summary,444,False,444,False,444,False
70446:body,1989,False,1989,False,1989,False
70266:holding,179,False,179,False,179,False
70266:summary,180,False,180,False,180,False
70266:body,8077,False,8077,False,8077,False
77517:body,3175,False,3175,False,3175,False
420086:summary,76,False,76,False,76,False
420086:body,2715,False,2715,False,2715,False
71436:holding,77,False,77,False,77,False
71436:summary,78,False,78,False,78,False
71436:body,3674,False,3674,False,3674,False
71336:holding,88,False,88,False,88,False
71336:summary,88,False,88,False,88,False
71336:body,2330,False,2330,False,2330,False
71361:holding,34,False,34,False,34,False
71361:summary,74,False,74,False,74,False
71361:body,2010,False,2010,False,2010,False
195165:holding,96,False,96,False,96,False
195165:summary,239,False,239,False,239,False
195165:body,1253,False,1253,False,1253,False
120587:holding,82,False,82,False,82,False
120587:summary,209,False,209,False,209,False
120587:body,1476,False,1476,False,1476,False
222085:holding,34,False,34,False,34,False
222085:summary,228,False,228,False,228,False
222085:body,2785,False,2785,False,2785,False
198741:holding,164,False,164,False,164,False
198741:summary,444,False,444,False,444,False
198741:body,2253,False,2253,False,2253,False
420076:summary,42,False,42,False,42,False
420076:body,2714,False,2714,False,2714,False
112166:holding,56,False,56,False,56,False
112166:summary,220,False,220,False,220,False
112166:body,775,False,775,False,775,False
227577:holding,39,False,39,False,39,False
227577:summary,171,False,171,False,171,False
227577:body,3277,False,3277,False,3277,False
119458:holding,53,False,53,False,53,False
119458:summary,115,False,115,False,115,False
119458:body,4066,False,4066,False,4066,False
203263:holding,158,False,158,False,158,False
203263:summary,264,False,264,False,264,False
203263:body,702,False,702,False,702,False
203928:holding,213,False,213,False,213,False
203928:summary,327,False,327,False,327,False
203928:body,1215,False,1215,False,1215,False
130706:holding,261,False,261,False,261,False
130706:summary,475,False,475,False,475,False
130706:body,825,False,825,False,825,False
108141:holding,28,False,28,False,28,False
108141:summary,34,False,34,False,34,False
108141:body,454,False,454,False,454,False
119097:holding,118,False,118,False,118,False
119097:summary,240,False,240,False,240,False
119097:body,4601,False,4601,False,4601,False
107917:holding,62,False,62,False,62,False
107917:summary,142,False,142,False,142,False
107917:body,1034,False,1034,False,1034,False
160931:holding,86,False,86,False,86,False
160931:summary,251,False,251,False,251,False
160931:body,558,False,558,False,558,False
118969:holding,44,False,44,False,44,False
118969:summary,160,False,160,False,160,False
118969:body,1558,False,1558,False,1558,False
107186:holding,69,False,69,False,69,False
107186:summary,219,False,219,False,219,False
107186:body,612,False,612,False,612,False
118876:holding,90,False,90,False,90,False
118876:summary,384,False,384,False,384,False
118876:body,4184,False,4184,False,4184,False
106581:holding,54,False,54,False,54,False
106581:summary,97,False,97,False,97,False
106581:body,1151,False,1151,False,1151,False
118615:holding,34,False,34,False,34,False
118615:summary,108,False,108,False,108,False
118615:body,1879,False,1879,False,1879,False
105274:holding,147,False,147,False,147,False
105274:summary,404,False,404,False,404,False
105274:body,1990,False,1990,False,1990,False
104249:holding,126,False,126,False,126,False
104249:summary,330,False,330,False,330,False
104249:body,1209,False,1209,False,1209,False
104202:holding,77,False,77,False,77,False
104202:summary,286,False,286,False,286,False
104202:body,1340,False,1340,False,1340,False
104159:holding,24,False,24,False,24,False
104159:summary,167,False,167,False,167,False
104159:body,1003,False,1003,False,1003,False
77060:holding,57,False,57,False,57,False
77060:summary,301,False,301,False,301,False
77060:body,2553,False,2553,False,2553,False
76968:holding,63,False,63,False,63,False
76968:summary,197,False,197,False,197,False
76968:body,1439,False,1439,False,1439,False
103247:holding,41,False,41,False,41,False
103247:summary,271,False,271,False,271,False
103247:body,786,False,786,False,786,False
76910:holding,22,False,22,False,22,False
76910:summary,101,False,101,False,101,False
76910:body,2972,False,2972,False,2972,False
420108:summary,73,False,73,False,73,False
420108:body,1655,False,1655,False,1655,False
76659:holding,34,False,34,False,34,False
76659:summary,63,False,63,False,63,False
76659:body,1300,False,1300,False,1300,False
76504:holding,31,False,31,False,31,False
76504:summary,130,False,130,False,130,False
76504:body,1691,False,1691,False,1691,False
76410:holding,34,False,34,False,34,False
76410:summary,70,False,70,False,70,False
76410:body,2449,False,2449,False,2449,False
76428:holding,51,False,51,False,51,False
76428:summary,108,False,108,False,108,False
76428:body,981,False,981,False,981,False
100471:holding,44,False,44,False,44,False
100471:summary,90,False,90,False,90,False
100471:body,857,False,857,False,857,False
100407:holding,32,False,32,False,32,False
100407:summary,115,False,115,False,115,False
100407:body,1724,False,1724,False,1724,False
76051:holding,30,False,30,False,30,False
76051:summary,123,False,123,False,123,False
76051:body,2316,False,2316,False,2316,False
75931:holding,41,False,41,False,41,False
75931:summary,98,False,98,False,98,False
75931:body,2329,False,2329,False,2329,False
75864:holding,30,False,30,False,30,False
75864:summary,56,False,56,False,56,False
75864:body,2710,False,2710,False,2710,False
75759:holding,58,False,58,False,58,False
75759:summary,113,False,113,False,113,False
75759:body,1407,False,1407,False,1407,False
75607:holding,26,False,26,False,26,False
75607:summary,82,False,82,False,82,False
75607:body,5234,False,5234,False,5234,False
98750:holding,92,False,92,False,92,False
98750:summary,193,False,193,False,193,False
98750:body,500,False,500,False,500,False
151675:body,2223,False,2223,False,2223,False
144904:holding,19,False,19,False,19,False
144904:summary,62,False,62,False,62,False
144904:body,1255,False,1255,False,1255,False
93769:holding,24,False,24,False,24,False
93769:summary,60,False,60,False,60,False
93769:body,955,False,955,False,955,False
208968:holding,18,False,18,False,18,False
208968:summary,52,False,52,False,52,False
208968:body,2045,False,2045,False,2045,False
621911:holding,362,False,362,False,362,False
621911:summary,914,False,914,False,914,False
621911:body,2600,False,2600,False,2600,False
619451:holding,226,False,226,False,226,False
619451:summary,524,False,524,False,524,False
619451:body,1920,False,1920,False,1920,False
618513:holding,73,False,73,False,73,False
618513:summary,168,False,168,False,168,False
618513:body,1711,False,1711,False,1711,False
618185:holding,88,False,88,False,88,False
618185:summary,1040,False,1040,False,1040,False
618185:body,2016,False,2016,False,2016,False
616581:holding,492,False,492,False,492,False
616581:summary,2178,False,2178,False,2178,False
616581:body,4843,False,4843,False,4843,False
616251:holding,342,False,342,False,342,False
616251:summary,639,False,639,False,639,False
616251:body,4540,False,4540,False,4540,False
615767:holding,445,False,445,False,445,False
615767:summary,709,False,709,False,709,False
615767:body,1583,False,1583,False,1583,False
613169:holding,346,False,346,False,346,False
613169:summary,1282,False,1282,False,1282,False
613169:body,1935,False,1935,False,1935,False
613167:holding,751,False,751,False,751,False
613167:summary,1984,False,1984,False,1984,False
613167:body,2954,False,2954,False,2954,False
613189:holding,168,False,168,False,168,False
613189:summary,220,False,220,False,220,False
613189:body,1306,False,1306,False,1306,False
619567:body,2415,False,2415,False,2415,False
613161:holding,511,False,511,False,511,False
613161:summary,796,False,796,False,796,False
613161:body,1766,False,1766,False,1766,False
613079:holding,102,False,102,False,102,False
613079:summary,208,False,208,False,208,False
613079:body,1227,False,1227,False,1227,False
612679:summary,66,False,66,False,66,False
612679:body,3170,False,3170,False,3170,False
612881:holding,346,False,346,False,346,False
612881:summary,785,False,785,False,785,False
612881:body,3285,False,3285,False,3285,False
618141:holding,426,False,426,False,426,False
618141:body,2920,False,2920,False,2920,False
618089:holding,145,False,145,False,145,False
618089:body,2431,False,2431,False,2431,False
618081:holding,181,False,181,False,181,False
618081:body,2141,False,2141,False,2141,False
618187:holding,319,False,319,False,319,False
618187:body,2480,False,2480,False,2480,False
617223:body,6037,False,6037,False,6037,False
615699:holding,89,False,89,False,89,False
615699:body,1472,False,1472,False,1472,False
615697:holding,438,False,438,False,438,False
615697:body,1802,False,1802,False,1802,False
608501:holding,677,False,677,False,677,False
608501:summary,1396,False,1396,False,1396,False
608501:body,4615,False,4615,False,4615,False
616653:body,7442,False,7442,False,7442,False
614307:holding,152,False,152,False,152,False
614307:body,2940,False,2940,False,2940,False
607789:holding,345,False,345,False,345,False
607789:summary,1562,False,1562,False,1562,False
607789:body,4493,False,4493,False,4493,False
614315:holding,88,False,88,False,88,False
614315:body,1771,False,1771,False,1771,False
614039:holding,75,False,75,False,75,False
614039:body,1379,False,1379,False,1379,False
607231:holding,255,False,255,False,255,False
607231:summary,315,False,315,False,315,False
607231:body,2369,False,2369,False,2369,False
616729:body,3695,False,3695,False,3695,False
606789:holding,136,False,136,False,136,False
606789:summary,358,False,358,False,358,False
606789:body,1957,False,1957,False,1957,False
606763:holding,305,False,305,False,305,False
606763:summary,862,False,862,False,862,False
606763:body,3250,False,3250,False,3250,False
613201:holding,81,False,81,False,81,False
613201:body,3111,False,3111,False,3111,False
613097:holding,274,False,274,False,274,False
613097:body,2145,False,2145,False,2145,False
616601:body,1451,False,1451,False,1451,False
606183:holding,81,False,81,False,81,False
606183:summary,382,False,382,False,382,False
606183:body,1411,False,1411,False,1411,False
615961:holding,333,False,333,False,333,False
615961:body,1488,False,1488,False,1488,False
613093:holding,333,False,333,False,333,False
613093:body,1488,False,1488,False,1488,False
605975:holding,473,False,473,False,473,False
605975:summary,1171,False,1171,False,1171,False
605975:body,4850,False,4850,False,4850,False
605973:holding,155,False,155,False,155,False
605973:summary,1005,False,1005,False,1005,False
605973:body,4874,False,4874,False,4874,False
605931:holding,68,False,68,False,68,False
605931:summary,226,False,226,False,226,False
605931:body,1518,False,1518,False,1518,False
605765:holding,540,False,540,False,540,False
605765:summary,594,False,594,False,594,False
605765:body,1542,False,1542,False,1542,False
605771:holding,373,False,373,False,373,False
605771:summary,862,False,862,False,862,False
605771:body,2395,False,2395,False,2395,False
612117:holding,127,False,127,False,127,False
612117:body,924,False,924,False,924,False
619265:body,2690,False,2690,False,2690,False
605337:holding,204,False,204,False,204,False
605337:summary,532,False,532,False,532,False
605337:body,1567,False,1567,False,1567,False
609535:holding,411,False,411,False,411,False
609535:body,1706,False,1706,False,1706,False
605077:holding,115,False,115,False,115,False
605077:summary,283,False,283,False,283,False
605077:body,2191,False,2191,False,2191,False
614411:body,2318,False,2318,False,2318,False
609483:holding,125,False,125,False,125,False
609483:body,2014,False,2014,False,2014,False
603547:holding,473,False,473,False,473,False
603547:summary,1703,False,1703,False,1703,False
603547:body,2716,False,2716,False,2716,False
618501:body,835,False,835,False,835,False
607549:body,6729,False,6729,False,6729,False
600289:holding,460,False,460,False,460,False
600289:summary,1262,False,1262,False,1262,False
600289:body,2145,False,2145,False,2145,False
606691:holding,93,False,93,False,93,False
606691:body,2009,False,2009,False,2009,False
609431:holding,299,False,299,False,299,False
609431:body,1586,False,1586,False,1586,False
599787:holding,86,False,86,False,86,False
599787:summary,127,False,127,False,127,False
599787:body,505,False,505,False,505,False
614479:holding,286,False,286,False,286,False
614479:summary,592,False,592,False,592,False
614479:body,11274,True,11274,True,11274,True
609537:holding,286,False,286,False,286,False
609537:summary,592,False,592,False,592,False
609537:body,11274,True,11274,True,11274,True
612677:body,2201,False,2201,False,2201,False
606045:body,1358,False,1358,False,1358,False
241999:holding,341,False,341,False,341,False
241999:summary,1225,False,1225,False,1225,False
241999:body,2257,False,2257,False,2257,False
605613:body,826,False,826,False,826,False
612919:body,6823,False,6823,False,6823,False
605893:holding,272,False,272,False,272,False
605893:summary,564,False,564,False,564,False
605893:body,6993,False,6993,False,6993,False
614363:body,2746,False,2746,False,2746,False
605157:holding,326,False,326,False,326,False
605157:body,2924,False,2924,False,2924,False
241875:holding,256,False,256,False,256,False
241875:summary,840,False,840,False,840,False
241875:body,3839,False,3839,False,3839,False
606041:body,6585,False,6585,False,6585,False
614353:body,1535,False,1535,False,1535,False
605739:body,1255,False,1255,False,1255,False
606545:body,3527,False,3527,False,3527,False
420972:body,2179,False,2179,False,2179,False
599623:holding,264,False,264,False,264,False
599623:summary,880,False,880,False,880,False
599623:body,3314,False,3314,False,3314,False
614407:holding,264,False,264,False,264,False
614407:summary,880,False,880,False,880,False
614407:body,3312,False,3312,False,3312,False
241573:holding,106,False,106,False,106,False
241573:summary,208,False,208,False,208,False
241573:body,1626,False,1626,False,1626,False
241585:holding,209,False,209,False,209,False
241585:summary,475,False,475,False,475,False
241585:body,1933,False,1933,False,1933,False
614361:body,4557,False,4557,False,4557,False
616725:body,28216,True,28216,True,28216,True
421240:body,5320,False,5320,False,5320,False
614567:holding,271,False,271,False,271,False
614567:summary,981,False,981,False,981,False
614567:body,4223,False,4223,False,4223,False
241419:holding,271,False,271,False,271,False
241419:summary,981,False,981,False,981,False
241419:body,4224,False,4224,False,4224,False
241383:holding,633,False,633,False,633,False
241383:summary,1248,False,1248,False,1248,False
241383:body,2407,False,2407,False,2407,False
600407:holding,124,False,124,False,124,False
600407:body,1718,False,1718,False,1718,False
618565:body,24850,True,24850,True,24850,True
612675:body,1935,False,1935,False,1935,False
241025:holding,333,False,333,False,333,False
241025:summary,1152,False,1152,False,1152,False
241025:body,2612,False,2612,False,2612,False
241055:holding,579,False,579,False,579,False
241055:summary,2392,False,2392,False,2392,False
241055:body,6910,False,6910,False,6910,False
240969:holding,124,False,124,False,124,False
240969:summary,885,False,885,False,885,False
240969:body,2152,False,2152,False,2152,False
240963:holding,684,False,684,False,684,False
240963:summary,1264,False,1264,False,1264,False
240963:body,2259,False,2259,False,2259,False
614449:body,15644,True,15644,True,15644,True
421226:body,3457,False,3457,False,3457,False
241959:holding,304,False,304,False,304,False
241959:body,1028,False,1028,False,1028,False
240917:holding,622,False,622,False,622,False
240917:summary,1194,False,1194,False,1194,False
240917:body,3105,False,3105,False,3105,False
600393:body,2579,False,2579,False,2579,False
601991:body,4983,False,4983,False,4983,False
612917:body,7100,False,7100,False,7100,False
614575:holding,271,False,271,False,271,False
614575:summary,597,False,597,False,597,False
614575:body,3725,False,3725,False,3725,False
612911:body,11591,True,11591,True,11591,True
241193:holding,271,False,271,False,271,False
241193:summary,597,False,597,False,597,False
241193:body,3725,False,3725,False,3725,False
607547:body,5267,False,5267,False,5267,False
601889:holding,325,False,325,False,325,False
601889:summary,529,False,529,False,529,False
601889:body,1938,False,1938,False,1938,False
614527:holding,325,False,325,False,325,False
614527:summary,529,False,529,False,529,False
614527:body,1938,False,1938,False,1938,False
618531:body,2775,False,2775,False,2775,False
241425:holding,192,False,192,False,192,False
241425:summary,336,False,336,False,336,False
241425:body,2483,False,2483,False,2483,False
614515:holding,192,False,192,False,192,False
614515:summary,336,False,336,False,336,False
614515:body,2483,False,2483,False,2483,False
614615:holding,251,False,251,False,251,False
614615:summary,576,False,576,False,576,False
614615:body,3392,False,3392,False,3392,False
241197:holding,251,False,251,False,251,False
241197:summary,576,False,576,False,576,False
241197:body,3390,False,3390,False,3390,False
601975:body,3935,False,3935,False,3935,False
619377:body,3546,False,3546,False,3546,False
240669:holding,173,False,173,False,173,False
240669:summary,293,False,293,False,293,False
240669:body,2149,False,2149,False,2149,False
421184:body,8863,True,8863,True,8863,True
614355:body,1388,False,1388,False,1388,False
617221:body,5223,False,5223,False,5223,False
600577:holding,258,False,258,False,258,False
600577:body,695,False,695,False,695,False
239913:holding,611,False,611,False,611,False
239913:summary,1165,False,1165,False,1165,False
239913:body,2782,False,2782,False,2782,False
241081:holding,421,False,421,False,421,False
241081:body,1723,False,1723,False,1723,False
241099:holding,252,False,252,False,252,False
241099:body,3664,False,3664,False,3664,False
614359:body,4083,False,4083,False,4083,False
605611:body,2423,False,2423,False,2423,False
606609:body,13329,True,13329,True,13329,True
616649:body,10201,True,10201,True,10201,True
241289:body,4368,False,4368,False,4368,False
601925:body,8040,False,8040,False,8040,False
601923:body,7838,False,7838,False,7838,False
421212:body,7650,False,7650,False,7650,False
239217:holding,128,False,128,False,128,False
239217:summary,389,False,389,False,389,False
239217:body,1470,False,1470,False,1470,False
239233:holding,290,False,290,False,290,False
239233:summary,439,False,439,False,439,False
239233:body,1421,False,1421,False,1421,False
240867:holding,404,False,404,False,404,False
240867:body,1338,False,1338,False,1338,False
238909:holding,74,False,74,False,74,False
238909:summary,219,False,219,False,219,False
238909:body,1314,False,1314,False,1314,False
238897:holding,242,False,242,False,242,False
238897:summary,527,False,527,False,527,False
238897:body,2689,False,2689,False,2689,False
241263:body,8852,True,8852,True,8852,True
424092:body,2632,False,2632,False,2632,False
239265:holding,106,False,106,False,106,False
239265:summary,420,False,420,False,420,False
239265:body,1803,False,1803,False,1803,False
241549:body,5242,False,5242,False,5242,False
600023:body,3036,False,3036,False,3036,False
601857:body,1141,False,1141,False,1141,False
238197:holding,91,False,91,False,91,False
238197:summary,531,False,531,False,531,False
238197:body,1950,False,1950,False,1950,False
606119:body,2773,False,2773,False,2773,False
238189:holding,499,False,499,False,499,False
238189:summary,1157,False,1157,False,1157,False
238189:body,1756,False,1756,False,1756,False
619531:body,5792,False,5792,False,5792,False
608547:body,7824,False,7824,False,7824,False
240777:body,2145,False,2145,False,2145,False
238047:holding,152,False,152,False,152,False
238047:summary,353,False,353,False,353,False
238047:body,775,False,775,False,775,False
423916:body,2308,False,2308,False,2308,False
237925:holding,95,False,95,False,95,False
237925:summary,206,False,206,False,206,False
237925:body,1739,False,1739,False,1739,False
241699:holding,159,False,159,False,159,False
241699:body,1799,False,1799,False,1799,False
238439:holding,188,False,188,False,188,False
238439:summary,564,False,564,False,564,False
238439:body,2907,False,2907,False,2907,False
240109:body,7714,False,7714,False,7714,False
241149:body,1906,False,1906,False,1906,False
421084:body,4166,False,4166,False,4166,False
601439:body,6717,False,6717,False,6717,False
420936:body,3686,False,3686,False,3686,False
240307:holding,54,False,54,False,54,False
240307:body,737,False,737,False,737,False
616569:body,2618,False,2618,False,2618,False
237551:holding,345,False,345,False,345,False
237551:summary,646,False,646,False,646,False
237551:body,1991,False,1991,False,1991,False
239521:holding,192,False,192,False,192,False
239521:body,2882,False,2882,False,2882,False
600447:body,25014,True,25014,True,25014,True
606245:body,7033,False,7033,False,7033,False
238665:holding,322,False,322,False,322,False
238665:summary,945,False,945,False,945,False
238665:body,1561,False,1561,False,1561,False
618263:body,6205,False,6205,False,6205,False
236795:holding,844,False,844,False,844,False
236795:summary,1609,False,1609,False,1609,False
236795:body,3150,False,3150,False,3150,False
238979:holding,98,False,98,False,98,False
238979:body,8479,True,8479,True,8479,True
613317:body,2639,False,2639,False,2639,False
611989:body,1881,False,1881,False,1881,False
240615:body,3239,False,3239,False,3239,False
238349:body,4504,False,4504,False,4504,False
605741:body,5360,False,5360,False,5360,False
238351:body,1007,False,1007,False,1007,False
238997:holding,353,False,353,False,353,False
238997:body,2833,False,2833,False,2833,False
240589:holding,97,False,97,False,97,False
240589:body,1191,False,1191,False,1191,False
239083:body,13517,True,13517,True,13517,True
606227:body,2495,False,2495,False,2495,False
238469:body,4898,False,4898,False,4898,False
237905:holding,274,False,274,False,274,False
237905:summary,422,False,422,False,422,False
237905:body,3916,False,3916,False,3916,False
235093:holding,219,False,219,False,219,False
235093:summary,1436,False,1436,False,1436,False
235093:body,3278,False,3278,False,3278,False
606345:body,6264,False,6264,False,6264,False
601473:body,8233,True,8233,True,8233,True
239729:holding,96,False,96,False,96,False
239729:body,1531,False,1531,False,1531,False
239743:holding,136,False,136,False,136,False
239743:body,2436,False,2436,False,2436,False
423922:summary,258,False,258,False,258,False
423922:body,2781,False,2781,False,2781,False
238069:body,10078,True,10078,True,10078,True
234639:holding,384,False,384,False,384,False
234639:summary,925,False,925,False,925,False
234639:body,3570,False,3570,False,3570,False
239765:holding,285,False,285,False,285,False
239765:body,1328,False,1328,False,1328,False
239769:holding,200,False,200,False,200,False
239769:body,2507,False,2507,False,2507,False
601961:body,2098,False,2098,False,2098,False
234449:holding,141,False,141,False,141,False
234449:summary,199,False,199,False,199,False
234449:body,1960,False,1960,False,1960,False
234327:holding,218,False,218,False,218,False
234327:summary,944,False,944,False,944,False
234327:body,2494,False,2494,False,2494,False
233877:holding,152,False,152,False,152,False
233877:summary,344,False,344,False,344,False
233877:body,918,False,918,False,918,False
234853:body,2369,False,2369,False,2369,False
232831:holding,294,False,294,False,294,False
232831:summary,436,False,436,False,436,False
232831:body,4823,False,4823,False,4823,False
608513:body,4278,False,4278,False,4278,False
607181:body,5440,False,5440,False,5440,False
238507:body,4221,False,4221,False,4221,False
241447:body,12095,True,12095,True,12095,True
241271:body,18900,True,18900,True,18900,True
238851:body,3327,False,3327,False,3327,False
231021:holding,339,False,339,False,339,False
231021:body,1787,False,1787,False,1787,False
237981:body,12885,True,12885,True,12885,True
601825:body,4227,False,4227,False,4227,False
241165:body,1826,False,1826,False,1826,False
230979:holding,166,False,166,False,166,False
230979:summary,1289,False,1289,False,1289,False
230979:body,3004,False,3004,False,3004,False
619357:body,7650,False,7650,False,7650,False
612909:body,10476,True,10476,True,10476,True
234821:body,8583,True,8583,True,8583,True
619337:body,2451,False,2451,False,2451,False
235337:holding,271,False,271,False,271,False
235337:body,1395,False,1395,False,1395,False
241555:body,6127,False,6127,False,6127,False
223303:holding,284,False,284,False,284,False
223303:summary,2774,False,2774,False,2774,False
223303:body,18624,True,18624,True,18624,True
234031:body,645,False,645,False,645,False
238365:body,1920,False,1920,False,1920,False
607217:body,2979,False,2979,False,2979,False
240791:body,3274,False,3274,False,3274,False
237273:body,2715,False,2715,False,2715,False
237185:holding,528,False,528,False,528,False
237185:body,5328,False,5328,False,5328,False
221989:holding,568,False,568,False,568,False
221989:summary,2129,False,2129,False,2129,False
221989:body,6329,False,6329,False,6329,False
221993:holding,110,False,110,False,110,False
221993:summary,321,False,321,False,321,False
221993:body,1430,False,1430,False,1430,False
242093:body,5037,False,5037,False,5037,False
221753:holding,79,False,79,False,79,False
221753:summary,225,False,225,False,225,False
221753:body,1227,False,1227,False,1227,False
232971:holding,187,False,187,False,187,False
232971:body,1422,False,1422,False,1422,False
220295:holding,113,False,113,False,113,False
220295:summary,459,False,459,False,459,False
220295:body,1898,False,1898,False,1898,False
233305:body,3615,False,3615,False,3615,False
608515:body,2052,False,2052,False,2052,False
231637:body,780,False,780,False,780,False
227261:holding,260,False,260,False,260,False
227261:summary,789,False,789,False,789,False
227261:body,1675,False,1675,False,1675,False
227235:holding,137,False,137,False,137,False
227235:summary,204,False,204,False,204,False
227235:body,612,False,612,False,612,False
239125:body,13020,True,13020,True,13020,True
227209:holding,408,False,408,False,408,False
227209:summary,806,False,806,False,806,False
227209:body,2356,False,2356,False,2356,False
234285:body,12741,True,12741,True,12741,True
231467:holding,501,False,501,False,501,False
231467:body,1486,False,1486,False,1486,False
219919:holding,400,False,400,False,400,False
219919:summary,687,False,687,False,687,False
219919:body,1824,False,1824,False,1824,False
219693:holding,279,False,279,False,279,False
219693:summary,609,False,609,False,609,False
219693:body,3025,False,3025,False,3025,False
230797:body,3213,False,3213,False,3213,False
605717:body,12367,True,12367,True,12367,True
219297:holding,309,False,309,False,309,False
219297:summary,766,False,766,False,766,False
219297:body,2249,False,2249,False,2249,False
222643:holding,244,False,244,False,244,False
222643:summary,837,False,837,False,837,False
222643:body,2130,False,2130,False,2130,False
219299:holding,209,False,209,False,209,False
219299:summary,423,False,423,False,423,False
219299:body,1156,False,1156,False,1156,False
230739:holding,485,False,485,False,485,False
230739:summary,835,False,835,False,835,False
230739:body,12636,True,12636,True,12636,True
612123:holding,101,False,101,False,101,False
612123:body,805,False,805,False,805,False
240775:body,3409,False,3409,False,3409,False
239115:body,3052,False,3052,False,3052,False
619481:body,36205,True,36205,True,36205,True
223315:holding,244,False,244,False,244,False
223315:summary,554,False,554,False,554,False
223315:body,1689,False,1689,False,1689,False
223417:holding,175,False,175,False,175,False
223417:body,1677,False,1677,False,1677,False
218441:holding,126,False,126,False,126,False
218441:summary,286,False,286,False,286,False
218441:body,1815,False,1815,False,1815,False
233373:body,3002,False,3002,False,3002,False
233375:body,2558,False,2558,False,2558,False
227803:body,4252,False,4252,False,4252,False
220127:body,2741,False,2741,False,2741,False
216655:holding,233,False,233,False,233,False
216655:summary,1458,False,1458,False,1458,False
216655:body,31579,True,31579,True,31579,True
226885:body,2512,False,2512,False,2512,False
234045:body,3130,False,3130,False,3130,False
226829:holding,262,False,262,False,262,False
226829:summary,544,False,544,False,544,False
226829:body,1914,False,1914,False,1914,False
226751:holding,173,False,173,False,173,False
226751:summary,530,False,530,False,530,False
226751:body,2724,False,2724,False,2724,False
220385:body,3811,False,3811,False,3811,False
212913:holding,273,False,273,False,273,False
212913:body,1704,False,1704,False,1704,False
226101:body,2241,False,2241,False,2241,False
237297:body,5986,False,5986,False,5986,False
234053:body,8613,True,8613,True,8613,True
207484:holding,133,False,133,False,133,False
207484:summary,522,False,522,False,522,False
207484:body,1563,False,1563,False,1563,False
207117:holding,210,False,210,False,210,False
207117:summary,951,False,951,False,951,False
207117:body,5318,False,5318,False,5318,False
206299:holding,427,False,427,False,427,False
206299:summary,794,False,794,False,794,False
206299:body,1788,False,1788,False,1788,False
208841:holding,131,False,131,False,131,False
208841:body,1691,False,1691,False,1691,False
204227:holding,238,False,238,False,238,False
204227:summary,511,False,511,False,511,False
204227:body,1489,False,1489,False,1489,False
207174:body,1097,False,1097,False,1097,False
422706:summary,430,False,430,False,430,False
422706:body,7264,False,7264,False,7264,False
205728:holding,157,False,157,False,157,False
205728:body,1035,False,1035,False,1035,False
197924:holding,204,False,204,False,204,False
197924:summary,464,False,464,False,464,False
197924:body,1222,False,1222,False,1222,False
207180:body,2457,False,2457,False,2457,False
186226:holding,253,False,253,False,253,False
186226:summary,531,False,531,False,531,False
186226:body,2164,False,2164,False,2164,False
186151:holding,223,False,223,False,223,False
186151:summary,493,False,493,False,493,False
186151:body,8061,False,8061,False,8061,False
185576:holding,165,False,165,False,165,False
185576:summary,501,False,501,False,501,False
185576:body,1862,False,1862,False,1862,False
224611:body,14413,True,14413,True,14413,True
185359:holding,237,False,237,False,237,False
185359:summary,660,False,660,False,660,False
185359:body,2717,False,2717,False,2717,False
202086:body,885,False,885,False,885,False
184689:holding,161,False,161,False,161,False
184689:summary,569,False,569,False,569,False
184689:body,2203,False,2203,False,2203,False
184646:holding,198,False,198,False,198,False
184646:summary,619,False,619,False,619,False
184646:body,2074,False,2074,False,2074,False
194822:body,2310,False,2310,False,2310,False
184104:holding,136,False,136,False,136,False
184104:summary,574,False,574,False,574,False
184104:body,1508,False,1508,False,1508,False
193031:body,3978,False,3978,False,3978,False
183818:holding,79,False,79,False,79,False
183818:summary,233,False,233,False,233,False
183818:body,1419,False,1419,False,1419,False
207190:body,2125,False,2125,False,2125,False
183990:holding,197,False,197,False,197,False
183990:body,2712,False,2712,False,2712,False
209231:holding,200,False,200,False,200,False
209231:summary,449,False,449,False,449,False
209231:body,2539,False,2539,False,2539,False
183476:holding,184,False,184,False,184,False
183476:summary,340,False,340,False,340,False
183476:body,3386,False,3386,False,3386,False
185993:body,3085,False,3085,False,3085,False
217217:body,9936,True,9936,True,9936,True
206235:body,1315,False,1315,False,1315,False
187804:holding,227,False,227,False,227,False
187804:summary,354,False,354,False,354,False
187804:body,1781,False,1781,False,1781,False
188058:body,3996,False,3996,False,3996,False
194812:body,2711,False,2711,False,2711,False
183305:holding,121,False,121,False,121,False
183305:body,1149,False,1149,False,1149,False
186062:body,3338,False,3338,False,3338,False
182860:holding,141,False,141,False,141,False
182860:body,654,False,654,False,654,False
207194:body,1191,False,1191,False,1191,False
194828:body,2286,False,2286,False,2286,False
193277:body,4169,False,4169,False,4169,False
207196:body,4752,False,4752,False,4752,False
175096:holding,163,False,163,False,163,False
175096:summary,417,False,417,False,417,False
175096:body,2010,False,2010,False,2010,False
187509:holding,120,False,120,False,120,False
187509:summary,317,False,317,False,317,False
187509:body,3050,False,3050,False,3050,False
173638:holding,176,False,176,False,176,False
173638:summary,308,False,308,False,308,False
173638:body,2257,False,2257,False,2257,False
172072:holding,117,False,117,False,117,False
172072:summary,310,False,310,False,310,False
172072:body,1373,False,1373,False,1373,False
171635:holding,187,False,187,False,187,False
171635:summary,267,False,267,False,267,False
171635:body,1148,False,1148,False,1148,False
172887:body,2791,False,2791,False,2791,False
174705:body,2894,False,2894,False,2894,False
170163:holding,300,False,300,False,300,False
170163:summary,721,False,721,False,721,False
170163:body,2801,False,2801,False,2801,False
183185:body,3724,False,3724,False,3724,False
167474:holding,98,False,98,False,98,False
167474:summary,1061,False,1061,False,1061,False
167474:body,8349,True,8349,True,8349,True
173573:body,1906,False,1906,False,1906,False
164637:holding,149,False,149,False,149,False
164637:summary,349,False,349,False,349,False
164637:body,1178,False,1178,False,1178,False
167313:holding,60,False,60,False,60,False
167313:body,987,False,987,False,987,False
182149:body,7378,False,7378,False,7378,False
167265:holding,123,False,123,False,123,False
167265:body,1985,False,1985,False,1985,False
192411:body,3144,False,3144,False,3144,False
167051:holding,149,False,149,False,149,False
167051:body,1572,False,1572,False,1572,False
192392:holding,257,False,257,False,257,False
192392:body,1942,False,1942,False,1942,False
160691:body,3119,False,3119,False,3119,False
159729:body,5871,False,5871,False,5871,False
168456:body,2115,False,2115,False,2115,False
149726:holding,122,False,122,False,122,False
149726:summary,482,False,482,False,482,False
149726:body,990,False,990,False,990,False
182156:body,1959,False,1959,False,1959,False
167101:body,4028,False,4028,False,4028,False
149411:holding,181,False,181,False,181,False
149411:summary,471,False,471,False,471,False
149411:body,1852,False,1852,False,1852,False
150035:holding,162,False,162,False,162,False
150035:body,1608,False,1608,False,1608,False
149928:body,7679,False,7679,False,7679,False
172203:body,1994,False,1994,False,1994,False
145719:holding,279,False,279,False,279,False
145719:summary,895,False,895,False,895,False
145719:body,1855,False,1855,False,1855,False
145479:holding,85,False,85,False,85,False
145479:summary,324,False,324,False,324,False
145479:body,506,False,506,False,506,False
148186:body,3718,False,3718,False,3718,False
144525:holding,487,False,487,False,487,False
144525:summary,1100,False,1100,False,1100,False
144525:body,3083,False,3083,False,3083,False
145806:body,1135,False,1135,False,1135,False
145500:holding,114,False,114,False,114,False
145500:body,494,False,494,False,494,False
143969:holding,380,False,380,False,380,False
143969:summary,629,False,629,False,629,False
143969:body,1730,False,1730,False,1730,False
145107:holding,415,False,415,False,415,False
145107:body,1718,False,1718,False,1718,False
167095:body,3824,False,3824,False,3824,False
215655:holding,52,False,52,False,52,False
215655:summary,841,False,841,False,841,False
215655:body,7343,False,7343,False,7343,False
144474:body,5692,False,5692,False,5692,False
228013:body,5884,False,5884,False,5884,False
144575:body,5288,False,5288,False,5288,False
142099:holding,165,False,165,False,165,False
142099:body,2155,False,2155,False,2155,False
140280:holding,52,False,52,False,52,False
140280:body,1286,False,1286,False,1286,False
144942:body,3876,False,3876,False,3876,False
125302:holding,157,False,157,False,157,False
125302:summary,381,False,381,False,381,False
125302:body,2082,False,2082,False,2082,False
133440:holding,53,False,53,False,53,False
133440:body,1008,False,1008,False,1008,False
124870:holding,47,False,47,False,47,False
124870:summary,276,False,276,False,276,False
124870:body,1283,False,1283,False,1283,False
125005:holding,161,False,161,False,161,False
125005:summary,456,False,456,False,456,False
125005:body,1456,False,1456,False,1456,False
124959:holding,138,False,138,False,138,False
124959:body,3337,False,3337,False,3337,False
143154:body,5493,False,5493,False,5493,False
64603:holding,149,False,149,False,149,False
64603:body,1619,False,1619,False,1619,False
127661:body,2575,False,2575,False,2575,False
71089:holding,57,False,57,False,57,False
71089:summary,177,False,177,False,177,False
71089:body,3093,False,3093,False,3093,False
85759:holding,203,False,203,False,203,False
85759:summary,379,False,379,False,379,False
85759:body,1167,False,1167,False,1167,False
69293:holding,92,False,92,False,92,False
69293:body,1064,False,1064,False,1064,False
85597:holding,177,False,177,False,177,False
85597:summary,582,False,582,False,582,False
85597:body,1719,False,1719,False,1719,False
419556:summary,64,False,64,False,64,False
419556:body,14806,True,14806,True,14806,True
70967:holding,162,False,162,False,162,False
70967:summary,483,False,483,False,483,False
70967:body,2978,False,2978,False,2978,False
69141:holding,153,False,153,False,153,False
69141:body,1477,False,1477,False,1477,False
85408:holding,221,False,221,False,221,False
85408:summary,516,False,516,False,516,False
85408:body,2266,False,2266,False,2266,False
70983:holding,252,False,252,False,252,False
70983:summary,452,False,452,False,452,False
70983:body,6026,False,6026,False,6026,False
216335:holding,175,False,175,False,175,False
216335:summary,554,False,554,False,554,False
216335:body,1771,False,1771,False,1771,False
70848:holding,79,False,79,False,79,False
70848:summary,80,False,80,False,80,False
70848:body,1937,False,1937,False,1937,False
126198:holding,93,False,93,False,93,False
126198:summary,563,False,563,False,563,False
126198:body,804,False,804,False,804,False
68776:holding,162,False,162,False,162,False
68776:body,758,False,758,False,758,False
126193:holding,135,False,135,False,135,False
126193:summary,725,False,725,False,725,False
126193:body,1469,False,1469,False,1469,False
64529:body,2591,False,2591,False,2591,False
143424:body,2928,False,2928,False,2928,False
65160:body,3593,False,3593,False,3593,False
135900:holding,53,False,53,False,53,False
135900:summary,140,False,140,False,140,False
135900:body,4354,False,4354,False,4354,False
220579:body,2841,False,2841,False,2841,False
85023:holding,235,False,235,False,235,False
85023:summary,441,False,441,False,441,False
85023:body,1318,False,1318,False,1318,False
84945:holding,113,False,113,False,113,False
84945:summary,231,False,231,False,231,False
84945:body,629,False,629,False,629,False
68200:holding,103,False,103,False,103,False
68200:body,544,False,544,False,544,False
70580:holding,59,False,59,False,59,False
70580:summary,241,False,241,False,241,False
70580:body,3204,False,3204,False,3204,False
70426:holding,263,False,263,False,263,False
70426:summary,617,False,617,False,617,False
70426:body,5303,False,5303,False,5303,False
70418:holding,121,False,121,False,121,False
70418:summary,266,False,266,False,266,False
70418:body,3117,False,3117,False,3117,False
70405:holding,109,False,109,False,109,False
70405:summary,516,False,516,False,516,False
70405:body,2810,False,2810,False,2810,False
70477:holding,104,False,104,False,104,False
70477:summary,321,False,321,False,321,False
70477:body,1899,False,1899,False,1899,False
128306:body,3540,False,3540,False,3540,False
193958:holding,152,False,152,False,152,False
193958:summary,458,False,458,False,458,False
193958:body,981,False,981,False,981,False
193939:holding,110,False,110,False,110,False
193939:summary,311,False,311,False,311,False
193939:body,799,False,799,False,799,False
78129:body,1826,False,1826,False,1826,False
78636:body,1328,False,1328,False,1328,False
228055:holding,44,False,44,False,44,False
228055:summary,278,False,278,False,278,False
228055:body,4096,False,4096,False,4096,False
77291:body,2261,False,2261,False,2261,False
193863:holding,67,False,67,False,67,False
193863:summary,192,False,192,False,192,False
193863:body,1356,False,1356,False,1356,False
193858:holding,81,False,81,False,81,False
193858:summary,198,False,198,False,198,False
193858:body,1057,False,1057,False,1057,False
193844:holding,52,False,52,False,52,False
193844:summary,243,False,243,False,243,False
193844:body,1811,False,1811,False,1811,False
193797:holding,54,False,54,False,54,False
193797:summary,201,False,201,False,201,False
193797:body,1180,False,1180,False,1180,False
83888:holding,94,False,94,False,94,False
83888:summary,133,False,133,False,133,False
83888:body,1902,False,1902,False,1902,False
193784:holding,242,False,242,False,242,False
193784:summary,977,False,977,False,977,False
193784:body,3476,False,3476,False,3476,False
78053:body,21598,True,21598,True,21598,True
230589:body,1115,False,1115,False,1115,False
69909:holding,35,False,35,False,35,False
69909:summary,355,False,355,False,355,False
69909:body,2494,False,2494,False,2494,False
69867:holding,65,False,65,False,65,False
69867:summary,117,False,117,False,117,False
69867:body,861,False,861,False,861,False
608467:holding,145,False,145,False,145,False
608467:summary,646,False,646,False,646,False
608467:body,1827,False,1827,False,1827,False
228525:holding,200,False,200,False,200,False
228525:body,1001,False,1001,False,1001,False
216723:holding,309,False,309,False,309,False
216723:summary,671,False,671,False,671,False
216723:body,1756,False,1756,False,1756,False
606555:body,1497,False,1497,False,1497,False
226651:body,3860,False,3860,False,3860,False
208787:holding,352,False,352,False,352,False
208787:summary,1123,False,1123,False,1123,False
208787:body,14554,True,14554,True,14554,True
203031:holding,219,False,219,False,219,False
203031:summary,601,False,601,False,601,False
203031:body,1566,False,1566,False,1566,False
197593:holding,183,False,183,False,183,False
197593:summary,574,False,574,False,574,False
197593:body,1169,False,1169,False,1169,False
201978:body,3251,False,3251,False,3251,False
199888:holding,243,False,243,False,243,False
199888:body,3330,False,3330,False,3330,False
202079:body,7264,False,7264,False,7264,False
185079:holding,433,False,433,False,433,False
185079:summary,1229,False,1229,False,1229,False
185079:body,2394,False,2394,False,2394,False
182136:body,1345,False,1345,False,1345,False
182391:holding,99,False,99,False,99,False
182391:body,1099,False,1099,False,1099,False
197887:body,6724,False,6724,False,6724,False
188260:body,2188,False,2188,False,2188,False
172743:holding,176,False,176,False,176,False
172743:summary,302,False,302,False,302,False
172743:body,819,False,819,False,819,False
172085:holding,153,False,153,False,153,False
172085:summary,242,False,242,False,242,False
172085:body,1511,False,1511,False,1511,False
176533:body,4253,False,4253,False,4253,False
172621:holding,80,False,80,False,80,False
172621:body,554,False,554,False,554,False
211575:body,7972,False,7972,False,7972,False
182239:body,3255,False,3255,False,3255,False
172890:body,2443,False,2443,False,2443,False
171277:holding,198,False,198,False,198,False
171277:body,1203,False,1203,False,1203,False
172765:body,651,False,651,False,651,False
169234:holding,198,False,198,False,198,False
169234:body,7531,False,7531,False,7531,False
166966:holding,950,False,950,False,950,False
166966:summary,2134,False,2134,False,2134,False
166966:body,7457,False,7457,False,7457,False
182154:body,1763,False,1763,False,1763,False
172795:body,3006,False,3006,False,3006,False
160200:holding,192,False,192,False,192,False
160200:summary,464,False,464,False,464,False
160200:body,22388,True,22388,True,22388,True
167949:body,16573,True,16573,True,16573,True
160479:body,2367,False,2367,False,2367,False
158444:body,8465,True,8465,True,8465,True
148876:holding,212,False,212,False,212,False
148876:summary,386,False,386,False,386,False
148876:body,2441,False,2441,False,2441,False
221065:body,9247,True,9247,True,9247,True
144693:holding,67,False,67,False,67,False
144693:summary,96,False,96,False,96,False
144693:body,928,False,928,False,928,False
144218:holding,72,False,72,False,72,False
144218:summary,265,False,265,False,265,False
144218:body,1031,False,1031,False,1031,False
144937:body,2137,False,2137,False,2137,False
138973:holding,61,False,61,False,61,False
138973:summary,237,False,237,False,237,False
138973:body,769,False,769,False,769,False
144581:body,1874,False,1874,False,1874,False
139657:body,1830,False,1830,False,1830,False
124850:holding,167,False,167,False,167,False
124850:summary,567,False,567,False,567,False
124850:body,1569,False,1569,False,1569,False
124926:holding,54,False,54,False,54,False
124926:summary,136,False,136,False,136,False
124926:body,2704,False,2704,False,2704,False
71104:holding,50,False,50,False,50,False
71104:summary,51,False,51,False,51,False
71104:body,1380,False,1380,False,1380,False
138883:body,18647,True,18647,True,18647,True
144589:body,6796,False,6796,False,6796,False
70912:holding,202,False,202,False,202,False
70912:summary,649,False,649,False,649,False
70912:body,3773,False,3773,False,3773,False
85136:holding,48,False,48,False,48,False
85136:summary,254,False,254,False,254,False
85136:body,723,False,723,False,723,False
70786:holding,84,False,84,False,84,False
70786:summary,426,False,426,False,426,False
70786:body,2198,False,2198,False,2198,False
230501:body,6758,False,6758,False,6758,False
78794:body,5009,False,5009,False,5009,False
421476:summary,109,False,109,False,109,False
421476:body,6708,False,6708,False,6708,False
230521:body,7002,False,7002,False,7002,False
83420:holding,121,False,121,False,121,False
83420:summary,242,False,242,False,242,False
83420:body,1318,False,1318,False,1318,False
77400:body,1361,False,1361,False,1361,False
78303:body,4465,False,4465,False,4465,False
69715:holding,47,False,47,False,47,False
69715:summary,159,False,159,False,159,False
69715:body,1600,False,1600,False,1600,False
194488:holding,180,False,180,False,180,False
194488:summary,179,False,179,False,179,False
194488:body,2105,False,2105,False,2105,False
194767:holding,224,False,224,False,224,False
194767:summary,635,False,635,False,635,False
194767:body,2251,False,2251,False,2251,False
81786:holding,100,False,100,False,100,False
81786:summary,197,False,197,False,197,False
81786:body,1266,False,1266,False,1266,False
81385:holding,77,False,77,False,77,False
81385:summary,314,False,314,False,314,False
81385:body,1173,False,1173,False,1173,False
81393:holding,42,False,42,False,42,False
81393:summary,273,False,273,False,273,False
81393:body,937,False,937,False,937,False
81294:holding,92,False,92,False,92,False
81294:summary,217,False,217,False,217,False
81294:body,787,False,787,False,787,False
600759:holding,33,False,33,False,33,False
600759:summary,383,False,383,False,383,False
600759:body,1334,False,1334,False,1334,False
191649:holding,138,False,138,False,138,False
191649:summary,642,False,642,False,642,False
191649:body,2137,False,2137,False,2137,False
191650:holding,293,False,293,False,293,False
191650:summary,1232,False,1232,False,1232,False
191650:body,3216,False,3216,False,3216,False
191456:holding,62,False,62,False,62,False
191456:summary,152,False,152,False,152,False
191456:body,1618,False,1618,False,1618,False
80553:holding,34,False,34,False,34,False
80553:summary,106,False,106,False,106,False
80553:body,2463,False,2463,False,2463,False
80504:holding,23,False,23,False,23,False
80504:summary,93,False,93,False,93,False
80504:body,2107,False,2107,False,2107,False
191312:holding,63,False,63,False,63,False
191312:summary,141,False,141,False,141,False
191312:body,814,False,814,False,814,False
80398:holding,25,False,25,False,25,False
80398:summary,203,False,203,False,203,False
80398:body,1391,False,1391,False,1391,False
191297:holding,101,False,101,False,101,False
191297:summary,355,False,355,False,355,False
191297:body,2121,False,2121,False,2121,False
191162:holding,30,False,30,False,30,False
191162:summary,239,False,239,False,239,False
191162:body,1300,False,1300,False,1300,False
212193:holding,109,False,109,False,109,False
212193:summary,956,False,956,False,956,False
212193:body,2478,False,2478,False,2478,False
229637:holding,208,False,208,False,208,False
229637:summary,296,False,296,False,296,False
229637:body,799,False,799,False,799,False
71216:holding,114,False,114,False,114,False
71216:summary,115,False,115,False,115,False
71216:body,3062,False,3062,False,3062,False
235219:holding,230,False,230,False,230,False
235219:body,900,False,900,False,900,False
200553:body,5751,False,5751,False,5751,False
184312:holding,159,False,159,False,159,False
184312:summary,318,False,318,False,318,False
184312:body,1988,False,1988,False,1988,False
217219:body,8250,True,8250,True,8250,True
85387:holding,39,False,39,False,39,False
85387:summary,220,False,220,False,220,False
85387:body,1243,False,1243,False,1243,False
193773:holding,122,False,122,False,122,False
193773:summary,461,False,461,False,461,False
193773:body,2452,False,2452,False,2452,False
77840:body,4803,False,4803,False,4803,False
81191:holding,47,False,47,False,47,False
81191:summary,152,False,152,False,152,False
81191:body,1188,False,1188,False,1188,False
120994:holding,76,False,76,False,76,False
120994:summary,177,False,177,False,177,False
120994:body,2229,False,2229,False,2229,False
196792:holding,45,False,45,False,45,False
196792:summary,252,False,252,False,252,False
196792:body,1877,False,1877,False,1877,False
619565:body,2842,False,2842,False,2842,False
233883:holding,96,False,96,False,96,False
233883:summary,268,False,268,False,268,False
233883:body,1712,False,1712,False,1712,False
227177:body,2262,False,2262,False,2262,False
236805:body,17455,True,17455,True,17455,True
217567:body,7332,False,7332,False,7332,False
226613:body,3193,False,3193,False,3193,False
619167:body,11647,True,11647,True,11647,True
225861:holding,180,False,180,False,180,False
225861:summary,2646,False,2646,False,2646,False
225861:body,19677,True,19677,True,19677,True
204881:holding,72,False,72,False,72,False
204881:body,1251,False,1251,False,1251,False
224743:body,788,False,788,False,788,False
193360:holding,241,False,241,False,241,False
193360:summary,365,False,365,False,365,False
193360:body,6430,False,6430,False,6430,False
224541:body,1271,False,1271,False,1271,False
233937:body,41672,True,41672,True,41672,True
184232:holding,477,False,477,False,477,False
184232:summary,1303,False,1303,False,1303,False
184232:body,2886,False,2886,False,2886,False
218397:body,6449,False,6449,False,6449,False
186054:body,3785,False,3785,False,3785,False
194852:body,2371,False,2371,False,2371,False
204523:body,6257,False,6257,False,6257,False
218431:body,26054,True,26054,True,26054,True
197736:body,57384,True,57384,True,57384,True
188310:body,1715,False,1715,False,1715,False
175318:holding,187,False,187,False,187,False
175318:summary,466,False,466,False,466,False
175318:body,4828,False,4828,False,4828,False
173909:holding,68,False,68,False,68,False
173909:body,1808,False,1808,False,1808,False
182671:body,18031,True,18031,True,18031,True
188344:body,1817,False,1817,False,1817,False
173813:body,3779,False,3779,False,3779,False
170453:holding,189,False,189,False,189,False
170453:summary,463,False,463,False,463,False
170453:body,3263,False,3263,False,3263,False
171132:body,7777,False,7777,False,7777,False
171101:body,14388,True,14388,True,14388,True
171115:body,3334,False,3334,False,3334,False
166209:holding,102,False,102,False,102,False
166209:summary,378,False,378,False,378,False
166209:body,3295,False,3295,False,3295,False
421616:summary,105,False,105,False,105,False
421616:body,8203,True,8203,True,8203,True
170195:body,5620,False,5620,False,5620,False
160247:holding,233,False,233,False,233,False
160247:summary,681,False,681,False,681,False
160247:body,1878,False,1878,False,1878,False
171399:body,4258,False,4258,False,4258,False
144686:holding,218,False,218,False,218,False
144686:summary,907,False,907,False,907,False
144686:body,3107,False,3107,False,3107,False
228005:holding,67,False,67,False,67,False
228005:summary,143,False,143,False,143,False
228005:body,3077,False,3077,False,3077,False
143961:holding,223,False,223,False,223,False
143961:summary,562,False,562,False,562,False
143961:body,2497,False,2497,False,2497,False
612871:holding,327,False,327,False,327,False
612871:summary,705,False,705,False,705,False
612871:body,1939,False,1939,False,1939,False
232855:holding,318,False,318,False,318,False
232855:summary,936,False,936,False,936,False
232855:body,1737,False,1737,False,1737,False
240763:body,31576,True,31576,True,31576,True
225845:body,3881,False,3881,False,3881,False
422692:summary,164,False,164,False,164,False
422692:body,11385,True,11385,True,11385,True
224875:body,3434,False,3434,False,3434,False
207561:body,1961,False,1961,False,1961,False
207564:body,2091,False,2091,False,2091,False
213711:body,4444,False,4444,False,4444,False
175125:holding,159,False,159,False,159,False
175125:summary,461,False,461,False,461,False
175125:body,1859,False,1859,False,1859,False
419032:summary,42,False,42,False,42,False
419032:body,13021,True,13021,True,13021,True
182089:body,2223,False,2223,False,2223,False
182102:body,1953,False,1953,False,1953,False
146631:body,2571,False,2571,False,2571,False
158482:body,2664,False,2664,False,2664,False
144944:body,2548,False,2548,False,2548,False
130665:holding,168,False,168,False,168,False
130665:summary,210,False,210,False,210,False
130665:body,5702,False,5702,False,5702,False
421472:summary,78,False,78,False,78,False
421472:body,2554,False,2554,False,2554,False
70562:holding,176,False,176,False,176,False
70562:summary,495,False,495,False,495,False
70562:body,5046,False,5046,False,5046,False
70544:holding,98,False,98,False,98,False
70544:summary,151,False,151,False,151,False
70544:body,11207,True,11207,True,11207,True
83755:holding,129,False,129,False,129,False
83755:summary,369,False,369,False,369,False
83755:body,1710,False,1710,False,1710,False
83711:holding,204,False,204,False,204,False
83711:summary,333,False,333,False,333,False
83711:body,3010,False,3010,False,3010,False
78507:body,15598,True,15598,True,15598,True
77816:body,10710,True,10710,True,10710,True
190013:holding,53,False,53,False,53,False
190013:summary,86,False,86,False,86,False
190013:body,2591,False,2591,False,2591,False
81303:holding,64,False,64,False,64,False
81303:summary,269,False,269,False,269,False
81303:body,1678,False,1678,False,1678,False
230203:holding,103,False,103,False,103,False
230203:summary,104,False,104,False,104,False
230203:body,1086,False,1086,False,1086,False
196324:holding,71,False,71,False,71,False
196324:summary,152,False,152,False,152,False
196324:body,753,False,753,False,753,False
129714:holding,46,False,46,False,46,False
129714:summary,83,False,83,False,83,False
129714:body,3610,False,3610,False,3610,False
76514:holding,15,False,15,False,15,False
76514:summary,111,False,111,False,111,False
76514:body,2734,False,2734,False,2734,False
224039:holding,50,False,50,False,50,False
224039:summary,166,False,166,False,166,False
224039:body,2206,False,2206,False,2206,False
75595:holding,74,False,74,False,74,False
75595:summary,246,False,246,False,246,False
75595:body,3926,False,3926,False,3926,False
221501:body,4493,False,4493,False,4493,False
620455:holding,124,False,124,False,124,False
620455:summary,857,False,857,False,857,False
620455:body,2368,False,2368,False,2368,False
239813:holding,234,False,234,False,234,False
239813:summary,670,False,670,False,670,False
239813:body,5476,False,5476,False,5476,False
234421:holding,174,False,174,False,174,False
234421:summary,731,False,731,False,731,False
234421:body,8094,False,8094,False,8094,False
231787:holding,208,False,208,False,208,False
231787:summary,1132,False,1132,False,1132,False
231787:body,2395,False,2395,False,2395,False
239279:holding,208,False,208,False,208,False
239279:body,2409,False,2409,False,2409,False
219721:holding,218,False,218,False,218,False
219721:summary,743,False,743,False,743,False
219721:body,3138,False,3138,False,3138,False
219711:holding,57,False,57,False,57,False
219711:summary,604,False,604,False,604,False
219711:body,9914,True,9914,True,9914,True
241407:body,54426,True,54426,True,54426,True
234049:body,3357,False,3357,False,3357,False
211785:holding,313,False,313,False,313,False
211785:summary,1014,False,1014,False,1014,False
211785:body,1960,False,1960,False,1960,False
226439:body,8825,True,8825,True,8825,True
234313:body,7564,False,7564,False,7564,False
232069:body,6710,False,6710,False,6710,False
423504:summary,62,False,62,False,62,False
423504:body,2885,False,2885,False,2885,False
423556:summary,143,False,143,False,143,False
423556:body,2427,False,2427,False,2427,False
422746:summary,335,False,335,False,335,False
422746:body,5505,False,5505,False,5505,False
209615:body,6097,False,6097,False,6097,False
422724:summary,235,False,235,False,235,False
422724:body,4266,False,4266,False,4266,False
423502:summary,298,False,298,False,298,False
423502:body,3848,False,3848,False,3848,False
205648:holding,204,False,204,False,204,False
205648:summary,573,False,573,False,573,False
205648:body,5654,False,5654,False,5654,False
197623:body,17905,True,17905,True,17905,True
422302:summary,44,False,44,False,44,False
422302:body,4877,False,4877,False,4877,False
184836:holding,210,False,210,False,210,False
184836:body,1941,False,1941,False,1941,False
224423:body,1346,False,1346,False,1346,False
422164:summary,56,False,56,False,56,False
422164:body,9212,True,9212,True,9212,True
182200:body,5600,False,5600,False,5600,False
419946:summary,67,False,67,False,67,False
419946:body,9193,True,9193,True,9193,True
175571:holding,137,False,137,False,137,False
175571:summary,189,False,189,False,189,False
175571:body,4219,False,4219,False,4219,False
419116:summary,23,False,23,False,23,False
419116:body,10910,True,10910,True,10910,True
422616:summary,212,False,212,False,212,False
422616:body,6427,False,6427,False,6427,False
225847:holding,358,False,358,False,358,False
225847:summary,761,False,761,False,761,False
225847:body,1261,False,1261,False,1261,False
225369:body,1367,False,1367,False,1367,False
207102:holding,481,False,481,False,481,False
207102:summary,886,False,886,False,886,False
207102:body,1562,False,1562,False,1562,False
211371:body,7367,False,7367,False,7367,False
207150:body,2678,False,2678,False,2678,False
231909:body,9134,True,9134,True,9134,True
186255:holding,279,False,279,False,279,False
186255:summary,394,False,394,False,394,False
186255:body,1147,False,1147,False,1147,False
192755:holding,394,False,394,False,394,False
192755:summary,654,False,654,False,654,False
192755:body,1630,False,1630,False,1630,False
422178:summary,50,False,50,False,50,False
422178:body,8548,True,8548,True,8548,True
197870:body,2019,False,2019,False,2019,False
422532:summary,16,False,16,False,16,False
422532:body,10652,True,10652,True,10652,True
179026:holding,95,False,95,False,95,False
179026:body,1261,False,1261,False,1261,False
172672:holding,88,False,88,False,88,False
172672:summary,153,False,153,False,153,False
172672:body,1512,False,1512,False,1512,False
164196:holding,115,False,115,False,115,False
164196:summary,391,False,391,False,391,False
164196:body,1777,False,1777,False,1777,False
170821:body,6470,False,6470,False,6470,False
161662:holding,190,False,190,False,190,False
161662:summary,601,False,601,False,601,False
161662:body,2346,False,2346,False,2346,False
162982:body,2462,False,2462,False,2462,False
166012:holding,194,False,194,False,194,False
166012:summary,547,False,547,False,547,False
166012:body,4861,False,4861,False,4861,False
421486:summary,86,False,86,False,86,False
421486:body,6348,False,6348,False,6348,False
69338:holding,65,False,65,False,65,False
69338:body,1067,False,1067,False,1067,False
193938:holding,128,False,128,False,128,False
193938:summary,273,False,273,False,273,False
193938:body,1450,False,1450,False,1450,False
77290:body,3781,False,3781,False,3781,False
210255:holding,252,False,252,False,252,False
210255:summary,647,False,647,False,647,False
210255:body,3748,False,3748,False,3748,False
81708:holding,132,False,132,False,132,False
81708:summary,309,False,309,False,309,False
81708:body,1859,False,1859,False,1859,False
80620:holding,116,False,116,False,116,False
80620:summary,466,False,466,False,466,False
80620:body,3915,False,3915,False,3915,False
229779:holding,178,False,178,False,178,False
229779:summary,584,False,584,False,584,False
229779:body,1630,False,1630,False,1630,False
199673:holding,66,False,66,False,66,False
199673:summary,319,False,319,False,319,False
199673:body,1655,False,1655,False,1655,False
111008:holding,26,False,26,False,26,False
111008:summary,286,False,286,False,286,False
111008:body,2449,False,2449,False,2449,False
110830:holding,119,False,119,False,119,False
110830:summary,315,False,315,False,315,False
110830:body,1152,False,1152,False,1152,False
189962:holding,30,False,30,False,30,False
189962:summary,224,False,224,False,224,False
189962:body,850,False,850,False,850,False
603351:holding,30,False,30,False,30,False
603351:summary,224,False,224,False,224,False
603351:body,852,False,852,False,852,False
200943:holding,318,False,318,False,318,False
200943:summary,603,False,603,False,603,False
200943:body,2458,False,2458,False,2458,False
604259:holding,318,False,318,False,318,False
604259:summary,603,False,603,False,603,False
604259:body,2458,False,2458,False,2458,False
107624:holding,93,False,93,False,93,False
107624:summary,124,False,124,False,124,False
107624:body,384,False,384,False,384,False
105690:holding,34,False,34,False,34,False
105690:summary,115,False,115,False,115,False
105690:body,375,False,375,False,375,False
77010:holding,33,False,33,False,33,False
77010:summary,100,False,100,False,100,False
77010:body,2394,False,2394,False,2394,False
76966:holding,14,False,14,False,14,False
76966:summary,134,False,134,False,134,False
76966:body,2798,False,2798,False,2798,False
76920:holding,61,False,61,False,61,False
76920:summary,183,False,183,False,183,False
76920:body,3975,False,3975,False,3975,False
76899:holding,51,False,51,False,51,False
76899:summary,240,False,240,False,240,False
76899:body,3073,False,3073,False,3073,False
102979:holding,42,False,42,False,42,False
102979:summary,174,False,174,False,174,False
102979:body,941,False,941,False,941,False
76679:holding,49,False,49,False,49,False
76679:summary,167,False,167,False,167,False
76679:body,3114,False,3114,False,3114,False
101899:holding,33,False,33,False,33,False
101899:summary,144,False,144,False,144,False
101899:body,552,False,552,False,552,False
164432:holding,28,False,28,False,28,False
164432:summary,124,False,124,False,124,False
164432:body,381,False,381,False,381,False
76223:holding,56,False,56,False,56,False
76223:summary,132,False,132,False,132,False
76223:body,1039,False,1039,False,1039,False
100231:holding,55,False,55,False,55,False
100231:summary,151,False,151,False,151,False
100231:body,514,False,514,False,514,False
75783:holding,36,False,36,False,36,False
75783:summary,96,False,96,False,96,False
75783:body,1712,False,1712,False,1712,False
98704:holding,29,False,29,False,29,False
98704:summary,161,False,161,False,161,False
98704:body,1525,False,1525,False,1525,False
98249:holding,28,False,28,False,28,False
98249:summary,119,False,119,False,119,False
98249:body,330,False,330,False,330,False
192893:holding,107,False,107,False,107,False
192893:summary,247,False,247,False,247,False
192893:body,1048,False,1048,False,1048,False
214203:holding,17,False,17,False,17,False
214203:summary,51,False,51,False,51,False
214203:body,1323,False,1323,False,1323,False
209099:holding,19,False,19,False,19,False
209099:summary,39,False,39,False,39,False
209099:body,2104,False,2104,False,2104,False
85886:holding,23,False,23,False,23,False
85886:summary,51,False,51,False,51,False
85886:body,4972,False,4972,False,4972,False
241381:holding,190,False,190,False,190,False
241381:summary,583,False,583,False,583,False
241381:body,2799,False,2799,False,2799,False
242051:body,6325,False,6325,False,6325,False
421174:body,5339,False,5339,False,5339,False
239943:body,8929,True,8929,True,8929,True
238093:body,1383,False,1383,False,1383,False
235465:holding,238,False,238,False,238,False
235465:body,1206,False,1206,False,1206,False
219673:holding,32,False,32,False,32,False
219673:summary,288,False,288,False,288,False
219673:body,2510,False,2510,False,2510,False
226975:holding,197,False,197,False,197,False
226975:body,1019,False,1019,False,1019,False
217325:holding,47,False,47,False,47,False
217325:summary,342,False,342,False,342,False
217325:body,1435,False,1435,False,1435,False
216959:holding,179,False,179,False,179,False
216959:summary,441,False,441,False,441,False
216959:body,2387,False,2387,False,2387,False
213721:holding,162,False,162,False,162,False
213721:summary,339,False,339,False,339,False
213721:body,2077,False,2077,False,2077,False
226431:holding,124,False,124,False,124,False
226431:summary,342,False,342,False,342,False
226431:body,4917,False,4917,False,4917,False
212975:holding,286,False,286,False,286,False
212975:body,2549,False,2549,False,2549,False
225479:holding,273,False,273,False,273,False
225479:summary,498,False,498,False,498,False
225479:body,1040,False,1040,False,1040,False
213209:body,2669,False,2669,False,2669,False
214781:body,3791,False,3791,False,3791,False
224967:body,1548,False,1548,False,1548,False
213517:body,1421,False,1421,False,1421,False
204517:body,3421,False,3421,False,3421,False
207154:body,3050,False,3050,False,3050,False
217525:body,1526,False,1526,False,1526,False
205484:body,8798,True,8798,True,8798,True
217099:body,3295,False,3295,False,3295,False
210609:body,5233,False,5233,False,5233,False
205489:body,2678,False,2678,False,2678,False
206396:body,3676,False,3676,False,3676,False
224555:body,7338,False,7338,False,7338,False
204530:body,1934,False,1934,False,1934,False
209393:body,6101,False,6101,False,6101,False
217111:body,3124,False,3124,False,3124,False
210707:body,6629,False,6629,False,6629,False
217115:body,1504,False,1504,False,1504,False
223333:holding,119,False,119,False,119,False
223333:summary,492,False,492,False,492,False
223333:body,1754,False,1754,False,1754,False
185981:body,12531,True,12531,True,12531,True
224151:body,18539,True,18539,True,18539,True
160231:holding,192,False,192,False,192,False
160231:summary,1044,False,1044,False,1044,False
160231:body,16171,True,16171,True,16171,True
186723:body,6183,False,6183,False,6183,False
203804:body,4374,False,4374,False,4374,False
212171:holding,41,False,41,False,41,False
212171:summary,125,False,125,False,125,False
212171:body,3448,False,3448,False,3448,False
199663:holding,34,False,34,False,34,False
199663:summary,134,False,134,False,134,False
199663:body,956,False,956,False,956,False
231397:holding,27,False,27,False,27,False
231397:summary,227,False,227,False,227,False
231397:body,4144,False,4144,False,4144,False
377350:body,3152,False,3152,False,3152,False
365502:body,2349,False,2349,False,2349,False
618819:body,11139,True,11139,True,11139,True
241363:holding,560,False,560,False,560,False
241363:body,3283,False,3283,False,3283,False
239461:holding,500,False,500,False,500,False
239461:summary,828,False,828,False,828,False
239461:body,3635,False,3635,False,3635,False
241395:body,6744,False,6744,False,6744,False
619443:body,19080,True,19080,True,19080,True
241307:body,4267,False,4267,False,4267,False
227699:holding,135,False,135,False,135,False
227699:summary,303,False,303,False,303,False
227699:body,1459,False,1459,False,1459,False
232817:holding,191,False,191,False,191,False
232817:body,5443,False,5443,False,5443,False
237063:holding,29,False,29,False,29,False
237063:body,4416,False,4416,False,4416,False
238701:body,6228,False,6228,False,6228,False
220437:holding,267,False,267,False,267,False
220437:summary,762,False,762,False,762,False
220437:body,2119,False,2119,False,2119,False
619541:body,25246,True,25246,True,25246,True
218383:body,4030,False,4030,False,4030,False
226883:holding,129,False,129,False,129,False
226883:summary,369,False,369,False,369,False
226883:body,2083,False,2083,False,2083,False
215447:holding,260,False,260,False,260,False
215447:summary,666,False,666,False,666,False
215447:body,7347,False,7347,False,7347,False
599707:body,11287,True,11287,True,11287,True
238719:body,2684,False,2684,False,2684,False
226277:holding,181,False,181,False,181,False
226277:body,591,False,591,False,591,False
237103:body,11302,True,11302,True,11302,True
220161:body,14629,True,14629,True,14629,True
204480:holding,181,False,181,False,181,False
204480:summary,490,False,490,False,490,False
204480:body,1380,False,1380,False,1380,False
239809:body,10634,True,10634,True,10634,True
216737:body,6947,False,6947,False,6947,False
224829:body,6634,False,6634,False,6634,False
186228:holding,89,False,89,False,89,False
186228:summary,520,False,520,False,520,False
186228:body,3757,False,3757,False,3757,False
217207:body,4363,False,4363,False,4363,False
421644:summary,47,False,47,False,47,False
421644:body,5303,False,5303,False,5303,False
210613:body,11058,True,11058,True,11058,True
198501:body,6576,False,6576,False,6576,False
194804:body,2450,False,2450,False,2450,False
224519:body,4495,False,4495,False,4495,False
184534:holding,695,False,695,False,695,False
184534:summary,1585,False,1585,False,1585,False
184534:body,3211,False,3211,False,3211,False
206192:body,10755,True,10755,True,10755,True
235083:body,10885,True,10885,True,10885,True
197044:body,3719,False,3719,False,3719,False
224369:body,11215,True,11215,True,11215,True
186000:body,4146,False,4146,False,4146,False
182978:holding,234,False,234,False,234,False
182978:summary,496,False,496,False,496,False
182978:body,2163,False,2163,False,2163,False
209321:body,17380,True,17380,True,17380,True
182537:holding,78,False,78,False,78,False
182537:summary,348,False,348,False,348,False
182537:body,1875,False,1875,False,1875,False
202039:body,9708,True,9708,True,9708,True
192971:holding,210,False,210,False,210,False
192971:summary,505,False,505,False,505,False
192971:body,1781,False,1781,False,1781,False
202083:body,15778,True,15778,True,15778,True
197770:body,14370,True,14370,True,14370,True
214559:body,2037,False,2037,False,2037,False
188099:body,7244,False,7244,False,7244,False
422546:summary,45,False,45,False,45,False
422546:body,15694,True,15694,True,15694,True
164804:holding,193,False,193,False,193,False
164804:summary,1034,False,1034,False,1034,False
164804:body,3247,False,3247,False,3247,False
143974:holding,123,False,123,False,123,False
143974:summary,294,False,294,False,294,False
143974:body,2571,False,2571,False,2571,False
221393:body,38146,True,38146,True,38146,True
215521:holding,134,False,134,False,134,False
215521:summary,388,False,388,False,388,False
215521:body,1105,False,1105,False,1105,False
147134:body,6391,False,6391,False,6391,False
148118:body,6869,False,6869,False,6869,False
70823:holding,360,False,360,False,360,False
70823:summary,767,False,767,False,767,False
70823:body,25508,True,25508,True,25508,True
78286:body,20599,True,20599,True,20599,True
194658:holding,147,False,147,False,147,False
194658:summary,473,False,473,False,473,False
194658:body,1999,False,1999,False,1999,False
229621:holding,72,False,72,False,72,False
229621:summary,73,False,73,False,73,False
229621:body,3350,False,3350,False,3350,False
116655:holding,77,False,77,False,77,False
116655:summary,220,False,220,False,220,False
116655:body,2426,False,2426,False,2426,False
113625:holding,63,False,63,False,63,False
113625:summary,286,False,286,False,286,False
113625:body,6030,False,6030,False,6030,False
121832:holding,61,False,61,False,61,False
121832:summary,166,False,166,False,166,False
121832:body,1098,False,1098,False,1098,False
75786:holding,76,False,76,False,76,False
75786:summary,190,False,190,False,190,False
75786:body,1327,False,1327,False,1327,False
98051:holding,31,False,31,False,31,False
98051:summary,87,False,87,False,87,False
98051:body,602,False,602,False,602,False
94098:holding,25,False,25,False,25,False
94098:summary,113,False,113,False,113,False
94098:body,760,False,760,False,760,False
240371:holding,27,False,27,False,27,False
240371:summary,44,False,44,False,44,False
240371:body,1130,False,1130,False,1130,False
156407:holding,19,False,19,False,19,False
156407:summary,87,False,87,False,87,False
156407:body,1092,False,1092,False,1092,False
609369:body,31231,True,31231,True,31231,True
217341:holding,45,False,45,False,45,False
217341:summary,861,False,861,False,861,False
217341:body,19918,True,19918,True,19918,True
226683:holding,272,False,272,False,272,False
226683:summary,633,False,633,False,633,False
226683:body,1787,False,1787,False,1787,False
217513:body,11376,True,11376,True,11376,True
212885:holding,437,False,437,False,437,False
212885:body,2408,False,2408,False,2408,False
226319:holding,102,False,102,False,102,False
226319:summary,2813,False,2813,False,2813,False
226319:body,22972,True,22972,True,22972,True
241339:body,19193,True,19193,True,19193,True
217609:body,3218,False,3218,False,3218,False
209627:holding,231,False,231,False,231,False
209627:summary,551,False,551,False,551,False
209627:body,10118,True,10118,True,10118,True
209333:holding,226,False,226,False,226,False
209333:summary,646,False,646,False,646,False
209333:body,4274,False,4274,False,4274,False
208501:holding,108,False,108,False,108,False
208501:summary,2924,False,2924,False,2924,False
208501:body,16403,True,16403,True,16403,True
225189:body,48377,True,48377,True,48377,True
614467:body,11024,True,11024,True,11024,True
211067:body,114408,True,114408,True,114408,True
218671:body,5333,False,5333,False,5333,False
209312:body,14059,True,14059,True,14059,True
231663:body,45820,True,45820,True,45820,True
193072:holding,168,False,168,False,168,False
193072:summary,435,False,435,False,435,False
193072:body,6495,False,6495,False,6495,False
601951:body,6189,False,6189,False,6189,False
217497:body,2493,False,2493,False,2493,False
184812:holding,357,False,357,False,357,False
184812:summary,1940,False,1940,False,1940,False
184812:body,19968,True,19968,True,19968,True
224533:body,4130,False,4130,False,4130,False
198453:body,15612,True,15612,True,15612,True
224465:body,13137,True,13137,True,13137,True
197767:body,61587,True,61587,True,61587,True
220377:body,12002,True,12002,True,12002,True
185919:body,5128,False,5128,False,5128,False
218429:body,42178,True,42178,True,42178,True
202100:body,13426,True,13426,True,13426,True
193300:body,12038,True,12038,True,12038,True
211491:body,5420,False,5420,False,5420,False
194849:body,14913,True,14913,True,14913,True
179600:holding,252,False,252,False,252,False
179600:summary,436,False,436,False,436,False
179600:body,3769,False,3769,False,3769,False
206272:holding,147,False,147,False,147,False
206272:summary,288,False,288,False,288,False
206272:body,2624,False,2624,False,2624,False
184753:holding,322,False,322,False,322,False
184753:summary,587,False,587,False,587,False
184753:body,1495,False,1495,False,1495,False
143893:holding,62,False,62,False,62,False
143893:body,1921,False,1921,False,1921,False
152073:holding,189,False,189,False,189,False
152073:summary,855,False,855,False,855,False
152073:body,14682,True,14682,True,14682,True
144253:body,5918,False,5918,False,5918,False
194745:holding,164,False,164,False,164,False
194745:summary,434,False,434,False,434,False
194745:body,1909,False,1909,False,1909,False
196833:holding,45,False,45,False,45,False
196833:summary,156,False,156,False,156,False
196833:body,2260,False,2260,False,2260,False
227627:holding,45,False,45,False,45,False
227627:body,2120,False,2120,False,2120,False
76939:holding,44,False,44,False,44,False
76939:summary,146,False,146,False,146,False
76939:body,2132,False,2132,False,2132,False
206758:holding,17,False,17,False,17,False
206758:summary,128,False,128,False,128,False
206758:body,717,False,717,False,717,False
208648:holding,31,False,31,False,31,False
208648:summary,36,False,36,False,36,False
208648:body,1162,False,1162,False,1162,False
616499:holding,153,False,153,False,153,False
616499:summary,2283,False,2283,False,2283,False
616499:body,16453,True,16453,True,16453,True
240085:body,14737,True,14737,True,14737,True
222839:body,22921,True,22921,True,22921,True
226109:holding,550,False,550,False,550,False
226109:summary,1729,False,1729,False,1729,False
226109:body,19024,True,19024,True,19024,True
225583:body,8545,True,8545,True,8545,True
420682:summary,72,False,72,False,72,False
420682:body,9050,True,9050,True,9050,True
214785:body,11405,True,11405,True,11405,True
231631:body,16202,True,16202,True,16202,True
221045:body,11678,True,11678,True,11678,True
421610:summary,55,False,55,False,55,False
421610:body,4226,False,4226,False,4226,False
230785:body,19074,True,19074,True,19074,True
183094:holding,363,False,363,False,363,False
183094:summary,613,False,613,False,613,False
183094:body,9704,True,9704,True,9704,True
178386:body,2591,False,2591,False,2591,False
183177:body,4038,False,4038,False,4038,False
192715:body,43931,True,43931,True,43931,True
182643:body,7814,False,7814,False,7814,False
170914:holding,147,False,147,False,147,False
170914:summary,281,False,281,False,281,False
170914:body,5781,False,5781,False,5781,False
171966:holding,110,False,110,False,110,False
171966:body,2862,False,2862,False,2862,False
176209:body,6642,False,6642,False,6642,False
148374:body,2963,False,2963,False,2963,False
168701:body,3084,False,3084,False,3084,False
127787:holding,254,False,254,False,254,False
127787:summary,464,False,464,False,464,False
127787:body,2759,False,2759,False,2759,False
421274:body,8862,True,8862,True,8862,True
77334:body,4195,False,4195,False,4195,False
194491:holding,179,False,179,False,179,False
194491:summary,457,False,457,False,457,False
194491:body,3780,False,3780,False,3780,False
191740:holding,185,False,185,False,185,False
191740:summary,639,False,639,False,639,False
191740:body,2433,False,2433,False,2433,False
229579:holding,192,False,192,False,192,False
229579:summary,554,False,554,False,554,False
229579:body,3036,False,3036,False,3036,False
603493:holding,73,False,73,False,73,False
603493:summary,1755,False,1755,False,1755,False
603493:body,3436,False,3436,False,3436,False
192088:holding,73,False,73,False,73,False
192088:summary,1755,False,1755,False,1755,False
192088:body,3436,False,3436,False,3436,False
114536:holding,96,False,96,False,96,False
114536:summary,304,False,304,False,304,False
114536:body,1372,False,1372,False,1372,False
620763:holding,96,False,96,False,96,False
620763:summary,304,False,304,False,304,False
620763:body,1361,False,1361,False,1361,False
107662:holding,95,False,95,False,95,False
107662:summary,324,False,324,False,324,False
107662:body,805,False,805,False,805,False
101585:holding,8,False,8,False,8,False
101585:summary,105,False,105,False,105,False
101585:body,2205,False,2205,False,2205,False
155576:holding,26,False,26,False,26,False
155576:summary,122,False,122,False,122,False
155576:body,1015,False,1015,False,1015,False
207747:holding,94,False,94,False,94,False
207747:summary,109,False,109,False,109,False
207747:body,1821,False,1821,False,1821,False
159594:holding,20,False,20,False,20,False
159594:summary,79,False,79,False,79,False
159594:body,1012,False,1012,False,1012,False
152638:holding,45,False,45,False,45,False
152638:summary,41,False,41,False,41,False
152638:body,942,False,942,False,942,False
151321:holding,52,False,52,False,52,False
151321:summary,89,False,89,False,89,False
151321:body,997,False,997,False,997,False
151359:holding,53,False,53,False,53,False
151359:summary,59,False,59,False,59,False
151359:body,691,False,691,False,691,False
151296:holding,59,False,59,False,59,False
151296:summary,40,False,40,False,40,False
151296:body,872,False,872,False,872,False
151307:holding,41,False,41,False,41,False
151307:summary,49,False,49,False,49,False
151307:body,950,False,950,False,950,False
86712:holding,66,False,66,False,66,False
86712:summary,172,False,172,False,172,False
86712:body,881,False,881,False,881,False
232113:holding,22,False,22,False,22,False
232113:summary,63,False,63,False,63,False
232113:body,4821,False,4821,False,4821,False
232285:holding,78,False,78,False,78,False
232285:summary,347,False,347,False,347,False
232285:body,2427,False,2427,False,2427,False
85937:holding,15,False,15,False,15,False
85937:summary,82,False,82,False,82,False
85937:body,1948,False,1948,False,1948,False
86049:holding,25,False,25,False,25,False
86049:summary,28,False,28,False,28,False
86049:body,1301,False,1301,False,1301,False
237065:holding,212,False,212,False,212,False
237065:body,2436,False,2436,False,2436,False
213433:body,2792,False,2792,False,2792,False
224699:body,4026,False,4026,False,4026,False
202972:body,17301,True,17301,True,17301,True
217105:body,8196,True,8196,True,8196,True
202089:body,3117,False,3117,False,3117,False
205494:body,2076,False,2076,False,2076,False
184002:holding,93,False,93,False,93,False
184002:body,1563,False,1563,False,1563,False
221049:body,8129,False,8129,False,8129,False
182436:holding,18,False,18,False,18,False
182436:body,2575,False,2575,False,2575,False
179852:holding,17,False,17,False,17,False
179852:body,1372,False,1372,False,1372,False
179511:holding,33,False,33,False,33,False
179511:summary,128,False,128,False,128,False
179511:body,2177,False,2177,False,2177,False
178176:holding,181,False,181,False,181,False
178176:summary,420,False,420,False,420,False
178176:body,3576,False,3576,False,3576,False
179339:body,8526,True,8526,True,8526,True
200568:body,9684,True,9684,True,9684,True
176289:body,3620,False,3620,False,3620,False
173912:holding,148,False,148,False,148,False
173912:body,1404,False,1404,False,1404,False
172978:holding,144,False,144,False,144,False
172978:body,1642,False,1642,False,1642,False
216963:holding,205,False,205,False,205,False
216963:summary,699,False,699,False,699,False
216963:body,3321,False,3321,False,3321,False
212841:holding,279,False,279,False,279,False
212841:summary,404,False,404,False,404,False
212841:body,2576,False,2576,False,2576,False
213247:body,8899,True,8899,True,8899,True
217159:body,4515,False,4515,False,4515,False
214771:body,7903,False,7903,False,7903,False
599709:body,12583,True,12583,True,12583,True
236997:body,11783,True,11783,True,11783,True
217523:body,24475,True,24475,True,24475,True
239847:body,7291,False,7291,False,7291,False
213581:body,6216,False,6216,False,6216,False
185251:holding,661,False,661,False,661,False
185251:summary,2333,False,2333,False,2333,False
185251:body,12420,True,12420,True,12420,True
209428:body,4511,False,4511,False,4511,False
224473:body,19356,True,19356,True,19356,True
217535:body,9733,True,9733,True,9733,True
217119:body,3459,False,3459,False,3459,False
422076:summary,75,False,75,False,75,False
422076:body,11060,True,11060,True,11060,True
179070:holding,50,False,50,False,50,False
179070:body,3126,False,3126,False,3126,False
204522:body,8997,True,8997,True,8997,True
187488:holding,178,False,178,False,178,False
187488:summary,1059,False,1059,False,1059,False
187488:body,4975,False,4975,False,4975,False
177770:holding,335,False,335,False,335,False
177770:body,6919,False,6919,False,6919,False
183131:body,14746,True,14746,True,14746,True
421520:summary,75,False,75,False,75,False
421520:body,3126,False,3126,False,3126,False
182129:body,6570,False,6570,False,6570,False
171338:holding,234,False,234,False,234,False
171338:summary,601,False,601,False,601,False
171338:body,19763,True,19763,True,19763,True
175079:body,8290,True,8290,True,8290,True
172018:holding,55,False,55,False,55,False
172018:body,4111,False,4111,False,4111,False
182706:body,10373,True,10373,True,10373,True
178310:body,7320,False,7320,False,7320,False
171119:body,6228,False,6228,False,6228,False
619297:holding,206,False,206,False,206,False
619297:summary,666,False,666,False,666,False
619297:body,17963,True,17963,True,17963,True
167343:holding,206,False,206,False,206,False
167343:summary,665,False,665,False,665,False
167343:body,17797,True,17797,True,17797,True
176426:body,3035,False,3035,False,3035,False
176097:body,4347,False,4347,False,4347,False
166777:holding,244,False,244,False,244,False
166777:body,1734,False,1734,False,1734,False
172827:body,9295,True,9295,True,9295,True
221333:body,49807,True,49807,True,49807,True
218499:body,16557,True,16557,True,16557,True
149163:holding,76,False,76,False,76,False
149163:summary,284,False,284,False,284,False
149163:body,1492,False,1492,False,1492,False
149380:body,7721,False,7721,False,7721,False
169060:body,4316,False,4316,False,4316,False
148896:body,3488,False,3488,False,3488,False
146233:holding,171,False,171,False,171,False
146233:body,4218,False,4218,False,4218,False
173579:body,11190,True,11190,True,11190,True
169294:body,16741,True,16741,True,16741,True
419252:summary,97,False,97,False,97,False
419252:body,1803,False,1803,False,1803,False
144088:body,6811,False,6811,False,6811,False
128278:body,2805,False,2805,False,2805,False
64819:holding,107,False,107,False,107,False
64819:summary,123,False,123,False,123,False
64819:body,2298,False,2298,False,2298,False
609417:holding,120,False,120,False,120,False
609417:body,2234,False,2234,False,2234,False
612935:body,3953,False,3953,False,3953,False
612727:body,3699,False,3699,False,3699,False
616043:body,7533,False,7533,False,7533,False
241677:holding,580,False,580,False,580,False
241677:summary,987,False,987,False,987,False
241677:body,6981,False,6981,False,6981,False
614551:holding,580,False,580,False,580,False
614551:summary,987,False,987,False,987,False
614551:body,6983,False,6983,False,6983,False
606125:body,36058,True,36058,True,36058,True
239253:holding,193,False,193,False,193,False
239253:summary,664,False,664,False,664,False
239253:body,2112,False,2112,False,2112,False
239983:holding,357,False,357,False,357,False
239983:summary,796,False,796,False,796,False
239983:body,3239,False,3239,False,3239,False
614607:holding,357,False,357,False,357,False
614607:summary,796,False,796,False,796,False
614607:body,3239,False,3239,False,3239,False
237207:holding,408,False,408,False,408,False
237207:summary,887,False,887,False,887,False
237207:body,7777,False,7777,False,7777,False
231773:holding,426,False,426,False,426,False
231773:summary,870,False,870,False,870,False
231773:body,2117,False,2117,False,2117,False
423910:summary,158,False,158,False,158,False
423910:body,7096,False,7096,False,7096,False
234281:body,4250,False,4250,False,4250,False
232637:body,7352,False,7352,False,7352,False
232035:body,7486,False,7486,False,7486,False
228365:holding,344,False,344,False,344,False
228365:summary,590,False,590,False,590,False
228365:body,2093,False,2093,False,2093,False
421280:summary,223,False,223,False,223,False
421280:body,6697,False,6697,False,6697,False
227787:body,2385,False,2385,False,2385,False
238767:body,1725,False,1725,False,1725,False
236035:body,8105,False,8105,False,8105,False
220113:body,41944,True,41944,True,41944,True
605709:body,19360,True,19360,True,19360,True
420650:summary,37,False,37,False,37,False
420650:body,3121,False,3121,False,3121,False
225641:holding,167,False,167,False,167,False
225641:summary,708,False,708,False,708,False
225641:body,3029,False,3029,False,3029,False
209637:holding,449,False,449,False,449,False
209637:summary,980,False,980,False,980,False
209637:body,5708,False,5708,False,5708,False
422128:summary,178,False,178,False,178,False
422128:body,6517,False,6517,False,6517,False
206140:holding,327,False,327,False,327,False
206140:summary,677,False,677,False,677,False
206140:body,2283,False,2283,False,2283,False
423500:summary,152,False,152,False,152,False
423500:body,6717,False,6717,False,6717,False
206386:body,3743,False,3743,False,3743,False
204877:holding,104,False,104,False,104,False
204877:body,1788,False,1788,False,1788,False
419054:summary,332,False,332,False,332,False
419054:body,22293,True,22293,True,22293,True
194900:holding,133,False,133,False,133,False
194900:summary,238,False,238,False,238,False
194900:body,1040,False,1040,False,1040,False
194227:holding,53,False,53,False,53,False
194227:summary,300,False,300,False,300,False
194227:body,6940,False,6940,False,6940,False
422406:summary,95,False,95,False,95,False
422406:body,6729,False,6729,False,6729,False
193379:holding,317,False,317,False,317,False
193379:summary,750,False,750,False,750,False
193379:body,1836,False,1836,False,1836,False
193408:holding,109,False,109,False,109,False
193408:summary,417,False,417,False,417,False
193408:body,756,False,756,False,756,False
186492:holding,70,False,70,False,70,False
186492:summary,1696,False,1696,False,1696,False
186492:body,13068,True,13068,True,13068,True
422382:summary,46,False,46,False,46,False
422382:body,5537,False,5537,False,5537,False
206395:body,3880,False,3880,False,3880,False
197847:body,6562,False,6562,False,6562,False
422244:summary,90,False,90,False,90,False
422244:body,7694,False,7694,False,7694,False
188357:body,4424,False,4424,False,4424,False
193295:body,6977,False,6977,False,6977,False
224349:body,8023,False,8023,False,8023,False
217221:body,1410,False,1410,False,1410,False
422520:summary,58,False,58,False,58,False
422520:body,10627,True,10627,True,10627,True
217229:body,3019,False,3019,False,3019,False
179933:holding,212,False,212,False,212,False
179933:summary,422,False,422,False,422,False
179933:body,5353,False,5353,False,5353,False
204553:body,3736,False,3736,False,3736,False
217231:body,2867,False,2867,False,2867,False
422636:summary,55,False,55,False,55,False
422636:body,19461,True,19461,True,19461,True
187503:holding,48,False,48,False,48,False
187503:summary,314,False,314,False,314,False
187503:body,1433,False,1433,False,1433,False
197741:body,4972,False,4972,False,4972,False
179434:body,11922,True,11922,True,11922,True
175040:holding,278,False,278,False,278,False
175040:summary,662,False,662,False,662,False
175040:body,2666,False,2666,False,2666,False
174937:holding,144,False,144,False,144,False
174937:summary,303,False,303,False,303,False
174937:body,3187,False,3187,False,3187,False
173123:holding,139,False,139,False,139,False
173123:summary,419,False,419,False,419,False
173123:body,1233,False,1233,False,1233,False
172339:holding,163,False,163,False,163,False
172339:summary,274,False,274,False,274,False
172339:body,3848,False,3848,False,3848,False
179964:body,10398,True,10398,True,10398,True
174729:body,3520,False,3520,False,3520,False
176563:body,5113,False,5113,False,5113,False
172046:holding,195,False,195,False,195,False
172046:body,1861,False,1861,False,1861,False
170892:holding,246,False,246,False,246,False
170892:summary,470,False,470,False,470,False
170892:body,5520,False,5520,False,5520,False
168232:holding,206,False,206,False,206,False
168232:summary,624,False,624,False,624,False
168232:body,2199,False,2199,False,2199,False
169244:holding,202,False,202,False,202,False
169244:body,2768,False,2768,False,2768,False
167497:holding,54,False,54,False,54,False
167497:body,1179,False,1179,False,1179,False
178235:body,6305,False,6305,False,6305,False
167975:body,1816,False,1816,False,1816,False
198554:body,3523,False,3523,False,3523,False
167354:holding,57,False,57,False,57,False
167354:body,915,False,915,False,915,False
170785:body,4158,False,4158,False,4158,False
176052:body,2023,False,2023,False,2023,False
161017:holding,274,False,274,False,274,False
161017:summary,850,False,850,False,850,False
161017:body,2014,False,2014,False,2014,False
164777:holding,35,False,35,False,35,False
164777:body,991,False,991,False,991,False
164759:holding,100,False,100,False,100,False
164759:body,1752,False,1752,False,1752,False
163286:body,9811,True,9811,True,9811,True
167961:body,3311,False,3311,False,3311,False
198561:body,3856,False,3856,False,3856,False
221339:body,9421,True,9421,True,9421,True
154368:holding,202,False,202,False,202,False
154368:summary,444,False,444,False,444,False
154368:body,881,False,881,False,881,False
614609:holding,213,False,213,False,213,False
614609:summary,637,False,637,False,637,False
614609:body,12739,True,12739,True,12739,True
240855:holding,213,False,213,False,213,False
240855:summary,637,False,637,False,637,False
240855:body,12741,True,12741,True,12741,True
233975:holding,154,False,154,False,154,False
233975:summary,525,False,525,False,525,False
233975:body,1503,False,1503,False,1503,False
238509:body,3564,False,3564,False,3564,False
216845:holding,106,False,106,False,106,False
216845:summary,223,False,223,False,223,False
216845:body,1577,False,1577,False,1577,False
207520:holding,147,False,147,False,147,False
207520:summary,562,False,562,False,562,False
207520:body,2680,False,2680,False,2680,False
192591:holding,217,False,217,False,217,False
192591:summary,371,False,371,False,371,False
192591:body,1640,False,1640,False,1640,False
159899:holding,350,False,350,False,350,False
159899:body,1121,False,1121,False,1121,False
161394:body,4908,False,4908,False,4908,False
125206:holding,115,False,115,False,115,False
125206:summary,511,False,511,False,511,False
125206:body,5778,False,5778,False,5778,False
128287:body,2300,False,2300,False,2300,False
69135:holding,146,False,146,False,146,False
69135:body,1932,False,1932,False,1932,False
419762:summary,74,False,74,False,74,False
419762:body,12212,True,12212,True,12212,True
128295:body,2593,False,2593,False,2593,False
69063:holding,116,False,116,False,116,False
69063:body,2238,False,2238,False,2238,False
70893:holding,219,False,219,False,219,False
70893:summary,700,False,700,False,700,False
70893:body,5105,False,5105,False,5105,False
68578:holding,95,False,95,False,95,False
68578:body,1262,False,1262,False,1262,False
152189:body,7741,False,7741,False,7741,False
127137:holding,79,False,79,False,79,False
127137:summary,386,False,386,False,386,False
127137:body,1327,False,1327,False,1327,False
77802:body,7675,False,7675,False,7675,False
77961:body,21183,True,21183,True,21183,True
78803:body,8283,True,8283,True,8283,True
69796:holding,65,False,65,False,65,False
69796:summary,343,False,343,False,343,False
69796:body,4915,False,4915,False,4915,False
77580:body,1953,False,1953,False,1953,False
81829:holding,38,False,38,False,38,False
81829:summary,92,False,92,False,92,False
81829:body,801,False,801,False,801,False
81262:holding,33,False,33,False,33,False
81262:summary,292,False,292,False,292,False
81262:body,941,False,941,False,941,False
120998:holding,144,False,144,False,144,False
120998:summary,419,False,419,False,419,False
120998:body,3368,False,3368,False,3368,False
117663:holding,29,False,29,False,29,False
117663:summary,163,False,163,False,163,False
117663:body,622,False,622,False,622,False
129780:holding,55,False,55,False,55,False
129780:summary,243,False,243,False,243,False
129780:body,3809,False,3809,False,3809,False
223061:holding,26,False,26,False,26,False
223061:summary,71,False,71,False,71,False
223061:body,2448,False,2448,False,2448,False
123021:holding,77,False,77,False,77,False
123021:summary,343,False,343,False,343,False
123021:body,2049,False,2049,False,2049,False
121546:holding,44,False,44,False,44,False
121546:summary,253,False,253,False,253,False
121546:body,970,False,970,False,970,False
602245:holding,44,False,44,False,44,False
602245:summary,253,False,253,False,253,False
602245:body,970,False,970,False,970,False
119203:holding,44,False,44,False,44,False
119203:summary,321,False,321,False,321,False
119203:body,2112,False,2112,False,2112,False
617151:holding,97,False,97,False,97,False
617151:summary,203,False,203,False,203,False
617151:body,867,False,867,False,867,False
618237:body,1409,False,1409,False,1409,False
618723:body,9408,True,9408,True,9408,True
609447:holding,206,False,206,False,206,False
609447:body,928,False,928,False,928,False
240869:holding,185,False,185,False,185,False
240869:body,1281,False,1281,False,1281,False
238497:body,3449,False,3449,False,3449,False
238519:body,6133,False,6133,False,6133,False
217379:holding,257,False,257,False,257,False
217379:summary,1205,False,1205,False,1205,False
217379:body,2208,False,2208,False,2208,False
420164:summary,39,False,39,False,39,False
420164:body,3213,False,3213,False,3213,False
209311:holding,263,False,263,False,263,False
209311:summary,885,False,885,False,885,False
209311:body,4023,False,4023,False,4023,False
422720:summary,338,False,338,False,338,False
422720:body,24512,True,24512,True,24512,True
422722:summary,338,False,338,False,338,False
422722:body,28905,True,28905,True,28905,True
203725:body,14829,True,14829,True,14829,True
178581:body,5480,False,5480,False,5480,False
163895:holding,124,False,124,False,124,False
163895:summary,407,False,407,False,407,False
163895:body,1417,False,1417,False,1417,False
160236:holding,208,False,208,False,208,False
160236:summary,374,False,374,False,374,False
160236:body,1688,False,1688,False,1688,False
158543:holding,179,False,179,False,179,False
158543:summary,605,False,605,False,605,False
158543:body,2788,False,2788,False,2788,False
149911:holding,152,False,152,False,152,False
149911:summary,430,False,430,False,430,False
149911:body,1480,False,1480,False,1480,False
221277:body,3045,False,3045,False,3045,False
144608:body,4955,False,4955,False,4955,False
84927:holding,421,False,421,False,421,False
84927:summary,2024,False,2024,False,2024,False
84927:body,15013,True,15013,True,15013,True
69756:holding,71,False,71,False,71,False
69756:summary,172,False,172,False,172,False
69756:body,6855,False,6855,False,6855,False
115395:holding,245,False,245,False,245,False
115395:summary,858,False,858,False,858,False
115395:body,3187,False,3187,False,3187,False
107755:holding,52,False,52,False,52,False
107755:summary,175,False,175,False,175,False
107755:body,1670,False,1670,False,1670,False
231231:holding,47,False,47,False,47,False
231231:summary,291,False,291,False,291,False
231231:body,3602,False,3602,False,3602,False
76938:holding,48,False,48,False,48,False
76938:summary,156,False,156,False,156,False
76938:body,1293,False,1293,False,1293,False
224033:holding,227,False,227,False,227,False
224033:summary,917,False,917,False,917,False
224033:body,36661,True,36661,True,36661,True
93632:holding,24,False,24,False,24,False
93632:summary,49,False,49,False,49,False
93632:body,515,False,515,False,515,False
151245:holding,40,False,40,False,40,False
151245:summary,58,False,58,False,58,False
151245:body,615,False,615,False,615,False
406206:body,5882,False,5882,False,5882,False
counsel_casebook_2024:page:0002,133,False,133,False,133,False
counsel_casebook_2024:page:0006,564,False,564,False,564,False
counsel_casebook_2024:page:0007,524,False,524,False,524,False
counsel_casebook_2024:page:0008,320,False,320,False,320,False
counsel_casebook_2024:page:0011,608,False,608,False,608,False
counsel_casebook_2024:page:0012,680,False,680,False,680,False
counsel_casebook_2024:page:0013,338,False,338,False,338,False
counsel_casebook_2024:page:0014,627,False,627,False,627,False
counsel_casebook_2024:page:0015,503,False,503,False,503,False
counsel_casebook_2024:page:0016,456,False,456,False,456,False
counsel_casebook_2024:page:0018,65,False,65,False,65,False
counsel_casebook_2024:page:0019,427,False,427,False,427,False
counsel_casebook_2024:page:0020,513,False,513,False,513,False
counsel_casebook_2024:page:0021,514,False,514,False,514,False
counsel_casebook_2024:page:0022,441,False,441,False,441,False
counsel_casebook_2024:page:0023,291,False,291,False,291,False
counsel_casebook_2024:page:0024,505,False,505,False,505,False
counsel_casebook_2024:page:0025,465,False,465,False,465,False
counsel_casebook_2024:page:0026,486,False,486,False,486,False
counsel_casebook_2024:page:0027,216,False,216,False,216,False
counsel_casebook_2024:page:0028,343,False,343,False,343,False
counsel_casebook_2024:page:0030,64,False,64,False,64,False
counsel_casebook_2024:page:0031,262,False,262,False,262,False
counsel_casebook_2024:page:0032,460,False,460,False,460,False
counsel_casebook_2024:page:0033,497,False,497,False,497,False
counsel_casebook_2024:page:0034,310,False,310,False,310,False
counsel_casebook_2024:page:0035,590,False,590,False,590,False
counsel_casebook_2024:page:0036,476,False,476,False,476,False
counsel_casebook_2024:page:0037,611,False,611,False,611,False
counsel_casebook_2024:page:0038,319,False,319,False,319,False
counsel_casebook_2024:page:0040,63,False,63,False,63,False
counsel_casebook_2024:page:0041,523,False,523,False,523,False
counsel_casebook_2024:page:0042,536,False,536,False,536,False
counsel_casebook_2024:page:0043,391,False,391,False,391,False
counsel_casebook_2024:page:0044,691,False,691,False,691,False
counsel_casebook_2024:page:0045,320,False,320,False,320,False
counsel_casebook_2024:page:0046,813,False,813,False,813,False
counsel_casebook_2024:page:0047,458,False,458,False,458,False
counsel_casebook_2024:page:0048,598,False,598,False,598,False
counsel_casebook_2024:page:0049,219,False,219,False,219,False
counsel_casebook_2024:page:0050,490,False,490,False,490,False
counsel_casebook_2024:page:0052,65,False,65,False,65,False
counsel_casebook_2024:page:0053,514,False,514,False,514,False
counsel_casebook_2024:page:0054,222,False,222,False,222,False
counsel_casebook_2024:page:0055,362,False,362,False,362,False
counsel_casebook_2024:page:0056,491,False,491,False,491,False
counsel_casebook_2024:page:0057,339,False,339,False,339,False
counsel_casebook_2024:page:0058,740,False,740,False,740,False
counsel_casebook_2024:page:0059,642,False,642,False,642,False
counsel_casebook_2024:page:0060,526,False,526,False,526,False
counsel_casebook_2024:page:0062,64,False,64,False,64,False
counsel_casebook_2024:page:0063,761,False,761,False,761,False
counsel_casebook_2024:page:0064,631,False,631,False,631,False
counsel_casebook_2024:page:0065,489,False,489,False,489,False
counsel_casebook_2024:page:0066,628,False,628,False,628,False
counsel_casebook_2024:page:0067,646,False,646,False,646,False
counsel_casebook_2024:page:0068,733,False,733,False,733,False
counsel_casebook_2024:page:0070,64,False,64,False,64,False
counsel_casebook_2024:page:0071,673,False,673,False,673,False
counsel_casebook_2024:page:0072,631,False,631,False,631,False
counsel_casebook_2024:page:0073,367,False,367,False,367,False
counsel_casebook_2024:page:0074,818,False,818,False,818,False
counsel_casebook_2024:page:0075,679,False,679,False,679,False
counsel_casebook_2024:page:0076,484,False,484,False,484,False
counsel_casebook_2024:page:0077,740,False,740,False,740,False
counsel_casebook_2024:page:0078,330,False,330,False,330,False
counsel_casebook_2024:page:0079,573,False,573,False,573,False
counsel_casebook_2024:page:0080,580,False,580,False,580,False
counsel_casebook_2024:page:0081,183,False,183,False,183,False
counsel_casebook_2024:page:0082,508,False,508,False,508,False
counsel_casebook_2024:page:0084,64,False,64,False,64,False
counsel_casebook_2024:page:0085,580,False,580,False,580,False
counsel_casebook_2024:page:0086,620,False,620,False,620,False
counsel_casebook_2024:page:0087,372,False,372,False,372,False
counsel_casebook_2024:page:0088,625,False,625,False,625,False
counsel_casebook_2024:page:0089,584,False,584,False,584,False
counsel_casebook_2024:page:0090,165,False,165,False,165,False
counsel_casebook_2024:page:0092,64,False,64,False,64,False
counsel_casebook_2024:page:0093,894,False,894,False,894,False
counsel_casebook_2024:page:0094,454,False,454,False,454,False
counsel_casebook_2024:page:0096,64,False,64,False,64,False
counsel_casebook_2024:page:0097,403,False,403,False,403,False
counsel_casebook_2024:page:0098,355,False,355,False,355,False
counsel_casebook_2024:page:0099,386,False,386,False,386,False
counsel_casebook_2024:page:0100,578,False,578,False,578,False
counsel_casebook_2024:page:0101,549,False,549,False,549,False
counsel_casebook_2024:page:0105,1112,False,1112,False,1112,False
counsel_casebook_2024:page:0106,1783,False,1783,False,1783,False
counsel_casebook_2024:page:0107,353,False,353,False,353,False
counsel_casebook_2024:page:0108,1210,False,1210,False,1210,False
counsel_casebook_2024:page:0109,678,False,678,False,678,False
counsel_casebook_2024:page:0111,180,False,180,False,180,False
counsel_casebook_2025:page:0003,129,False,129,False,129,False
counsel_casebook_2025:page:0005,208,False,208,False,208,False
counsel_casebook_2025:page:0007,954,False,954,False,954,False
counsel_casebook_2025:page:0008,489,False,489,False,489,False
counsel_casebook_2025:page:0009,283,False,283,False,283,False
counsel_casebook_2025:page:0010,598,False,598,False,598,False
counsel_casebook_2025:page:0011,396,False,396,False,396,False
counsel_casebook_2025:page:0013,24,False,24,False,24,False
counsel_casebook_2025:page:0014,836,False,836,False,836,False
counsel_casebook_2025:page:0015,914,False,914,False,914,False
counsel_casebook_2025:page:0016,279,False,279,False,279,False
counsel_casebook_2025:page:0017,884,False,884,False,884,False
counsel_casebook_2025:page:0018,552,False,552,False,552,False
counsel_casebook_2025:page:0019,388,False,388,False,388,False
counsel_casebook_2025:page:0021,68,False,68,False,68,False
counsel_casebook_2025:page:0022,403,False,403,False,403,False
counsel_casebook_2025:page:0023,516,False,516,False,516,False
counsel_casebook_2025:page:0024,677,False,677,False,677,False
counsel_casebook_2025:page:0025,346,False,346,False,346,False
counsel_casebook_2025:page:0026,238,False,238,False,238,False
counsel_casebook_2025:page:0027,497,False,497,False,497,False
counsel_casebook_2025:page:0028,287,False,287,False,287,False
counsel_casebook_2025:page:0029,587,False,587,False,587,False
counsel_casebook_2025:page:0030,353,False,353,False,353,False
counsel_casebook_2025:page:0031,914,False,914,False,914,False
counsel_casebook_2025:page:0032,506,False,506,False,506,False
counsel_casebook_2025:page:0033,537,False,537,False,537,False
counsel_casebook_2025:page:0034,367,False,367,False,367,False
counsel_casebook_2025:page:0035,1001,False,1001,False,1001,False
counsel_casebook_2025:page:0036,790,False,790,False,790,False
counsel_casebook_2025:page:0037,456,False,456,False,456,False
counsel_casebook_2025:page:0038,782,False,782,False,782,False
counsel_casebook_2025:page:0039,486,False,486,False,486,False
counsel_casebook_2025:page:0040,705,False,705,False,705,False
counsel_casebook_2025:page:0041,360,False,360,False,360,False
counsel_casebook_2025:page:0042,467,False,467,False,467,False
counsel_casebook_2025:page:0043,343,False,343,False,343,False
counsel_casebook_2025:page:0044,720,False,720,False,720,False
counsel_casebook_2025:page:0045,705,False,705,False,705,False
counsel_casebook_2025:page:0046,453,False,453,False,453,False
counsel_casebook_2025:page:0048,739,False,739,False,739,False
counsel_casebook_2025:page:0049,636,False,636,False,636,False
counsel_casebook_2025:page:0050,468,False,468,False,468,False
counsel_casebook_2025:page:0051,632,False,632,False,632,False
counsel_casebook_2025:page:0052,756,False,756,False,756,False
counsel_casebook_2025:page:0053,621,False,621,False,621,False
counsel_casebook_2025:page:0054,648,False,648,False,648,False
counsel_casebook_2025:page:0055,555,False,555,False,555,False
counsel_casebook_2025:page:0056,343,False,343,False,343,False
counsel_casebook_2025:page:0057,811,False,811,False,811,False
counsel_casebook_2025:page:0058,657,False,657,False,657,False
counsel_casebook_2025:page:0059,474,False,474,False,474,False
counsel_casebook_2025:page:0060,719,False,719,False,719,False
counsel_casebook_2025:page:0061,322,False,322,False,322,False
counsel_casebook_2025:page:0062,547,False,547,False,547,False
counsel_casebook_2025:page:0063,749,False,749,False,749,False
counsel_casebook_2025:page:0064,487,False,487,False,487,False
counsel_casebook_2025:page:0066,558,False,558,False,558,False
counsel_casebook_2025:page:0067,983,False,983,False,983,False
counsel_casebook_2025:page:0068,611,False,611,False,611,False
counsel_casebook_2025:page:0069,739,False,739,False,739,False
counsel_casebook_2025:page:0070,871,False,871,False,871,False
counsel_casebook_2025:page:0071,456,False,456,False,456,False
counsel_casebook_2025:page:0072,398,False,398,False,398,False
counsel_casebook_2025:page:0073,391,False,391,False,391,False
counsel_casebook_2025:page:0074,562,False,562,False,562,False
counsel_casebook_2025:page:0075,545,False,545,False,545,False
counsel_casebook_2025:page:0077,73,False,73,False,73,False
counsel_casebook_2025:page:0078,482,False,482,False,482,False
counsel_casebook_2025:page:0079,585,False,585,False,585,False
counsel_casebook_2025:page:0080,718,False,718,False,718,False
counsel_casebook_2025:page:0081,449,False,449,False,449,False
counsel_casebook_2025:page:0082,732,False,732,False,732,False
counsel_casebook_2025:page:0083,651,False,651,False,651,False
counsel_casebook_2025:page:0084,432,False,432,False,432,False
counsel_casebook_2025:page:0085,760,False,760,False,760,False
counsel_casebook_2025:page:0086,752,False,752,False,752,False
counsel_casebook_2025:page:0087,719,False,719,False,719,False
counsel_casebook_2025:page:0088,588,False,588,False,588,False
counsel_casebook_2025:page:0090,753,False,753,False,753,False
counsel_casebook_2025:page:0092,342,False,342,False,342,False
counsel_casebook_2025:page:0093,289,False,289,False,289,False
counsel_casebook_2025:page:0094,661,False,661,False,661,False
counsel_casebook_2025:page:0095,316,False,316,False,316,False
counsel_casebook_2025:page:0096,461,False,461,False,461,False
counsel_casebook_2025:page:0098,440,False,440,False,440,False
counsel_casebook_2025:page:0099,768,False,768,False,768,False
counsel_casebook_2025:page:0100,965,False,965,False,965,False
counsel_casebook_2025:page:0101,141,False,141,False,141,False
counsel_casebook_2025:page:0102,614,False,614,False,614,False
counsel_casebook_2025:page:0103,747,False,747,False,747,False
counsel_casebook_2025:page:0104,698,False,698,False,698,False
counsel_casebook_2025:page:0105,679,False,679,False,679,False
counsel_casebook_2025:page:0106,691,False,691,False,691,False
counsel_casebook_2025:page:0107,385,False,385,False,385,False
counsel_casebook_2025:page:0108,592,False,592,False,592,False
counsel_casebook_2025:page:0110,496,False,496,False,496,False
counsel_casebook_2025:page:0113,25,False,25,False,25,False
counsel_casebook_2025:page:0119,1485,False,1485,False,1485,False
counsel_casebook_2025:page:0120,1367,False,1367,False,1367,False
counsel_casebook_2025:page:0121,356,False,356,False,356,False
counsel_casebook_2025:page:0122,632,False,632,False,632,False
counsel_casebook_2025:page:0124,157,False,157,False,157,False
guide_contract_checklist_2026:page:0001,863,False,863,False,863,False
guide_contract_checklist_2026:page:0002,964,False,964,False,964,False
guide_contract_checklist_2026:page:0003,769,False,769,False,769,False
guide_contract_checklist_2026:page:0004,921,False,921,False,921,False
guide_contract_checklist_2026:page:0005,1591,False,1591,False,1591,False
guide_hlpa_guidebook_2020:page:0003,646,False,646,False,646,False
guide_hlpa_guidebook_2020:page:0004,132,False,132,False,132,False
guide_hlpa_guidebook_2020:page:0006,42,False,42,False,42,False
guide_hlpa_guidebook_2020:page:0009,176,False,176,False,176,False
guide_hlpa_guidebook_2020:page:0010,323,False,323,False,323,False
guide_hlpa_guidebook_2020:page:0011,131,False,131,False,131,False
guide_hlpa_guidebook_2020:page:0012,286,False,286,False,286,False
guide_hlpa_guidebook_2020:page:0013,211,False,211,False,211,False
guide_hlpa_guidebook_2020:page:0014,261,False,261,False,261,False
guide_hlpa_guidebook_2020:page:0015,242,False,242,False,242,False
guide_hlpa_guidebook_2020:page:0016,360,False,360,False,360,False
guide_hlpa_guidebook_2020:page:0017,200,False,200,False,200,False
guide_hlpa_guidebook_2020:page:0018,246,False,246,False,246,False
guide_hlpa_guidebook_2020:page:0019,177,False,177,False,177,False
guide_hlpa_guidebook_2020:page:0020,183,False,183,False,183,False
guide_hlpa_guidebook_2020:page:0021,158,False,158,False,158,False
guide_hlpa_guidebook_2020:page:0022,248,False,248,False,248,False
guide_hlpa_guidebook_2020:page:0023,197,False,197,False,197,False
guide_hlpa_guidebook_2020:page:0024,414,False,414,False,414,False
guide_hlpa_guidebook_2020:page:0025,177,False,177,False,177,False
guide_hlpa_guidebook_2020:page:0026,519,False,519,False,519,False
guide_hlpa_guidebook_2020:page:0027,220,False,220,False,220,False
guide_hlpa_guidebook_2020:page:0028,334,False,334,False,334,False
guide_hlpa_guidebook_2020:page:0029,317,False,317,False,317,False
guide_hlpa_guidebook_2020:page:0030,334,False,334,False,334,False
guide_hlpa_guidebook_2020:page:0031,231,False,231,False,231,False
guide_hlpa_guidebook_2020:page:0032,446,False,446,False,446,False
guide_hlpa_guidebook_2020:page:0033,170,False,170,False,170,False
guide_hlpa_guidebook_2020:page:0034,329,False,329,False,329,False
guide_hlpa_guidebook_2020:page:0035,187,False,187,False,187,False
guide_hlpa_guidebook_2020:page:0036,522,False,522,False,522,False
guide_hlpa_guidebook_2020:page:0037,247,False,247,False,247,False
guide_hlpa_guidebook_2020:page:0038,297,False,297,False,297,False
guide_hlpa_guidebook_2020:page:0040,49,False,49,False,49,False
guide_hlpa_guidebook_2020:page:0043,184,False,184,False,184,False
guide_hlpa_guidebook_2020:page:0044,436,False,436,False,436,False
guide_hlpa_guidebook_2020:page:0045,181,False,181,False,181,False
guide_hlpa_guidebook_2020:page:0046,335,False,335,False,335,False
guide_hlpa_guidebook_2020:page:0047,182,False,182,False,182,False
guide_hlpa_guidebook_2020:page:0048,312,False,312,False,312,False
guide_hlpa_guidebook_2020:page:0049,175,False,175,False,175,False
guide_hlpa_guidebook_2020:page:0050,447,False,447,False,447,False
guide_hlpa_guidebook_2020:page:0051,212,False,212,False,212,False
guide_hlpa_guidebook_2020:page:0052,329,False,329,False,329,False
guide_hlpa_guidebook_2020:page:0053,127,False,127,False,127,False
guide_hlpa_guidebook_2020:page:0054,521,False,521,False,521,False
guide_hlpa_guidebook_2020:page:0055,198,False,198,False,198,False
guide_hlpa_guidebook_2020:page:0056,319,False,319,False,319,False
guide_hlpa_guidebook_2020:page:0057,213,False,213,False,213,False
guide_hlpa_guidebook_2020:page:0058,264,False,264,False,264,False
guide_hlpa_guidebook_2020:page:0059,241,False,241,False,241,False
guide_hlpa_guidebook_2020:page:0060,245,False,245,False,245,False
guide_hlpa_guidebook_2020:page:0061,152,False,152,False,152,False
guide_hlpa_guidebook_2020:page:0062,399,False,399,False,399,False
guide_hlpa_guidebook_2020:page:0063,234,False,234,False,234,False
guide_hlpa_guidebook_2020:page:0064,260,False,260,False,260,False
guide_hlpa_guidebook_2020:page:0065,342,False,342,False,342,False
guide_hlpa_guidebook_2020:page:0066,241,False,241,False,241,False
guide_hlpa_guidebook_2020:page:0067,221,False,221,False,221,False
guide_hlpa_guidebook_2020:page:0068,525,False,525,False,525,False
guide_hlpa_guidebook_2020:page:0069,267,False,267,False,267,False
guide_hlpa_guidebook_2020:page:0070,275,False,275,False,275,False
guide_hlpa_guidebook_2020:page:0071,220,False,220,False,220,False
guide_hlpa_guidebook_2020:page:0072,354,False,354,False,354,False
guide_hlpa_guidebook_2020:page:0073,179,False,179,False,179,False
guide_hlpa_guidebook_2020:page:0074,30,False,30,False,30,False
guide_hlpa_guidebook_2020:page:0075,339,False,339,False,339,False
guide_hlpa_guidebook_2020:page:0076,348,False,348,False,348,False
guide_hlpa_guidebook_2020:page:0077,397,False,397,False,397,False
guide_hlpa_guidebook_2020:page:0078,476,False,476,False,476,False
guide_hlpa_guidebook_2020:page:0079,490,False,490,False,490,False
guide_hlpa_guidebook_2020:page:0080,350,False,350,False,350,False
guide_hlpa_guidebook_2020:page:0081,342,False,342,False,342,False
guide_hlpa_guidebook_2020:page:0082,565,False,565,False,565,False
guide_hlpa_guidebook_2020:page:0083,260,False,260,False,260,False
guide_hlpa_guidebook_2020:page:0084,207,False,207,False,207,False
guide_hlpa_guidebook_2020:page:0085,310,False,310,False,310,False
guide_hlpa_guidebook_2020:page:0086,37,False,37,False,37,False
guide_hlpa_guidebook_2020:page:0087,427,False,427,False,427,False
guide_hlpa_guidebook_2020:page:0088,360,False,360,False,360,False
guide_hlpa_guidebook_2020:page:0089,451,False,451,False,451,False
guide_hlpa_guidebook_2020:page:0090,130,False,130,False,130,False
guide_hlpa_guidebook_2020:page:0091,520,False,520,False,520,False
guide_hlpa_guidebook_2020:page:0092,365,False,365,False,365,False
guide_hlpa_guidebook_2020:page:0093,507,False,507,False,507,False
guide_hlpa_guidebook_2020:page:0094,460,False,460,False,460,False
guide_hlpa_guidebook_2020:page:0095,464,False,464,False,464,False
guide_hlpa_guidebook_2020:page:0096,273,False,273,False,273,False
guide_hlpa_guidebook_2020:page:0097,584,False,584,False,584,False
guide_hlpa_guidebook_2020:page:0098,179,False,179,False,179,False
guide_hlpa_guidebook_2020:page:0100,42,False,42,False,42,False
guide_hlpa_guidebook_2020:page:0114,26,False,26,False,26,False
guide_hlpa_guidebook_2020:page:0115,564,False,564,False,564,False
guide_hlpa_guidebook_2020:page:0116,483,False,483,False,483,False
guide_hlpa_guidebook_2020:page:0117,342,False,342,False,342,False
guide_hlpa_guidebook_2020:page:0118,215,False,215,False,215,False
guide_hlpa_guidebook_2020:page:0119,453,False,453,False,453,False
guide_hlpa_guidebook_2020:page:0120,526,False,526,False,526,False
guide_hlpa_guidebook_2020:page:0121,525,False,525,False,525,False
guide_hlpa_guidebook_2020:page:0122,486,False,486,False,486,False
guide_hlpa_guidebook_2020:page:0123,372,False,372,False,372,False
guide_hlpa_guidebook_2020:page:0124,525,False,525,False,525,False
guide_hlpa_guidebook_2020:page:0125,520,False,520,False,520,False
guide_hlpa_guidebook_2020:page:0126,483,False,483,False,483,False
guide_hlpa_guidebook_2020:page:0127,195,False,195,False,195,False
guide_hlpa_guidebook_2020:page:0128,519,False,519,False,519,False
guide_hlpa_guidebook_2020:page:0129,373,False,373,False,373,False
guide_hlpa_guidebook_2020:page:0130,374,False,374,False,374,False
guide_hlpa_guidebook_2020:page:0131,149,False,149,False,149,False
guide_hlpa_guidebook_2020:page:0133,200,False,200,False,200,False
guide_hlpa_guidebook_2020:page:0134,66,False,66,False,66,False
guide_jeonse_fraud_seoul:page:0001,508,False,508,False,508,False
guide_jeonse_fraud_seoul:page:0002,440,False,440,False,440,False
guide_jeonse_fraud_seoul:page:0003,403,False,403,False,403,False
guide_jeonse_fraud_seoul:page:0004,511,False,511,False,511,False
guide_jeonse_fraud_seoul:page:0005,283,False,283,False,283,False
guide_jeonse_fraud_seoul:page:0006,151,False,151,False,151,False
guide_jeonse_fraud_seoul:page:0007,107,False,107,False,107,False
guide_legal_procedure_seoul:page:0001,642,False,642,False,642,False
guide_legal_procedure_seoul:page:0002,381,False,381,False,381,False
guide_legal_procedure_seoul:page:0003,238,False,238,False,238,False
guide_legal_procedure_seoul:page:0004,309,False,309,False,309,False
guide_legal_procedure_seoul:page:0005,178,False,178,False,178,False
guide_legal_procedure_seoul:page:0006,329,False,329,False,329,False
guide_legal_procedure_seoul:page:0007,374,False,374,False,374,False
guide_legal_procedure_seoul:page:0008,312,False,312,False,312,False
guide_legal_procedure_seoul:page:0009,226,False,226,False,226,False
mediation_casebook_2021:page:0006,396,False,396,False,396,False
mediation_casebook_2021:page:0007,279,False,279,False,279,False
mediation_casebook_2021:page:0008,549,False,549,False,549,False
mediation_casebook_2021:page:0012,463,False,463,False,463,False
mediation_casebook_2021:page:0013,327,False,327,False,327,False
mediation_casebook_2021:page:0016,318,False,318,False,318,False
mediation_casebook_2021:page:0017,290,False,290,False,290,False
mediation_casebook_2021:page:0018,499,False,499,False,499,False
mediation_casebook_2021:page:0019,405,False,405,False,405,False
mediation_casebook_2021:page:0020,348,False,348,False,348,False
mediation_casebook_2021:page:0024,213,False,213,False,213,False
mediation_casebook_2021:page:0025,423,False,423,False,423,False
mediation_casebook_2021:page:0026,138,False,138,False,138,False
mediation_casebook_2021:page:0027,383,False,383,False,383,False
mediation_casebook_2021:page:0028,174,False,174,False,174,False
mediation_casebook_2021:page:0029,325,False,325,False,325,False
mediation_casebook_2021:page:0030,297,False,297,False,297,False
mediation_casebook_2021:page:0031,397,False,397,False,397,False
mediation_casebook_2021:page:0032,281,False,281,False,281,False
mediation_casebook_2021:page:0033,399,False,399,False,399,False
mediation_casebook_2021:page:0034,208,False,208,False,208,False
mediation_casebook_2021:page:0035,398,False,398,False,398,False
mediation_casebook_2021:page:0036,356,False,356,False,356,False
mediation_casebook_2021:page:0037,279,False,279,False,279,False
mediation_casebook_2021:page:0038,385,False,385,False,385,False
mediation_casebook_2021:page:0039,243,False,243,False,243,False
mediation_casebook_2021:page:0040,403,False,403,False,403,False
mediation_casebook_2021:page:0041,362,False,362,False,362,False
mediation_casebook_2021:page:0042,349,False,349,False,349,False
mediation_casebook_2021:page:0044,240,False,240,False,240,False
mediation_casebook_2021:page:0045,471,False,471,False,471,False
mediation_casebook_2021:page:0046,249,False,249,False,249,False
mediation_casebook_2021:page:0047,151,False,151,False,151,False
mediation_casebook_2021:page:0048,255,False,255,False,255,False
mediation_casebook_2021:page:0049,316,False,316,False,316,False
mediation_casebook_2021:page:0050,375,False,375,False,375,False
mediation_casebook_2021:page:0051,486,False,486,False,486,False
mediation_casebook_2021:page:0052,289,False,289,False,289,False
mediation_casebook_2021:page:0053,248,False,248,False,248,False
mediation_casebook_2021:page:0054,340,False,340,False,340,False
mediation_casebook_2021:page:0055,292,False,292,False,292,False
mediation_casebook_2021:page:0056,329,False,329,False,329,False
mediation_casebook_2021:page:0057,231,False,231,False,231,False
mediation_casebook_2021:page:0058,175,False,175,False,175,False
mediation_casebook_2021:page:0059,351,False,351,False,351,False
mediation_casebook_2021:page:0060,463,False,463,False,463,False
mediation_casebook_2021:page:0061,365,False,365,False,365,False
mediation_casebook_2021:page:0062,472,False,472,False,472,False
mediation_casebook_2021:page:0063,226,False,226,False,226,False
mediation_casebook_2021:page:0064,447,False,447,False,447,False
mediation_casebook_2021:page:0065,220,False,220,False,220,False
mediation_casebook_2021:page:0066,376,False,376,False,376,False
mediation_casebook_2021:page:0067,467,False,467,False,467,False
mediation_casebook_2021:page:0068,309,False,309,False,309,False
mediation_casebook_2021:page:0069,288,False,288,False,288,False
mediation_casebook_2021:page:0070,383,False,383,False,383,False
mediation_casebook_2021:page:0071,531,False,531,False,531,False
mediation_casebook_2021:page:0072,401,False,401,False,401,False
mediation_casebook_2021:page:0073,359,False,359,False,359,False
mediation_casebook_2021:page:0074,358,False,358,False,358,False
mediation_casebook_2021:page:0075,84,False,84,False,84,False
mediation_casebook_2021:page:0076,347,False,347,False,347,False
mediation_casebook_2021:page:0077,366,False,366,False,366,False
mediation_casebook_2021:page:0078,476,False,476,False,476,False
mediation_casebook_2021:page:0079,402,False,402,False,402,False
mediation_casebook_2021:page:0080,331,False,331,False,331,False
mediation_casebook_2021:page:0081,96,False,96,False,96,False
mediation_casebook_2021:page:0082,331,False,331,False,331,False
mediation_casebook_2021:page:0083,347,False,347,False,347,False
mediation_casebook_2021:page:0084,371,False,371,False,371,False
mediation_casebook_2021:page:0085,388,False,388,False,388,False
mediation_casebook_2021:page:0086,333,False,333,False,333,False
mediation_casebook_2021:page:0087,362,False,362,False,362,False
mediation_casebook_2021:page:0088,240,False,240,False,240,False
mediation_casebook_2021:page:0089,370,False,370,False,370,False
mediation_casebook_2021:page:0090,316,False,316,False,316,False
mediation_casebook_2021:page:0091,174,False,174,False,174,False
mediation_casebook_2021:page:0092,406,False,406,False,406,False
mediation_casebook_2021:page:0093,396,False,396,False,396,False
mediation_casebook_2021:page:0094,243,False,243,False,243,False
mediation_casebook_2021:page:0095,387,False,387,False,387,False
mediation_casebook_2021:page:0096,341,False,341,False,341,False
mediation_casebook_2021:page:0097,264,False,264,False,264,False
mediation_casebook_2021:page:0098,365,False,365,False,365,False
mediation_casebook_2021:page:0099,347,False,347,False,347,False
mediation_casebook_2021:page:0100,269,False,269,False,269,False
mediation_casebook_2021:page:0101,435,False,435,False,435,False
mediation_casebook_2021:page:0102,398,False,398,False,398,False
mediation_casebook_2021:page:0103,486,False,486,False,486,False
mediation_casebook_2021:page:0104,386,False,386,False,386,False
mediation_casebook_2021:page:0105,260,False,260,False,260,False
mediation_casebook_2021:page:0106,342,False,342,False,342,False
mediation_casebook_2021:page:0107,328,False,328,False,328,False
mediation_casebook_2021:page:0108,237,False,237,False,237,False
mediation_casebook_2021:page:0109,367,False,367,False,367,False
mediation_casebook_2021:page:0110,263,False,263,False,263,False
mediation_casebook_2021:page:0111,199,False,199,False,199,False
mediation_casebook_2021:page:0112,234,False,234,False,234,False
mediation_casebook_2021:page:0113,343,False,343,False,343,False
mediation_casebook_2021:page:0114,438,False,438,False,438,False
mediation_casebook_2021:page:0115,176,False,176,False,176,False
mediation_casebook_2021:page:0116,369,False,369,False,369,False
mediation_casebook_2021:page:0117,388,False,388,False,388,False
mediation_casebook_2021:page:0120,318,False,318,False,318,False
mediation_casebook_2021:page:0121,372,False,372,False,372,False
mediation_casebook_2021:page:0122,230,False,230,False,230,False
mediation_casebook_2021:page:0123,396,False,396,False,396,False
mediation_casebook_2021:page:0124,378,False,378,False,378,False
mediation_casebook_2021:page:0125,375,False,375,False,375,False
mediation_casebook_2021:page:0126,327,False,327,False,327,False
mediation_casebook_2021:page:0127,287,False,287,False,287,False
mediation_casebook_2021:page:0128,374,False,374,False,374,False
mediation_casebook_2021:page:0129,355,False,355,False,355,False
mediation_casebook_2021:page:0130,399,False,399,False,399,False
mediation_casebook_2021:page:0132,442,False,442,False,442,False
mediation_casebook_2021:page:0133,507,False,507,False,507,False
mediation_casebook_2021:page:0134,230,False,230,False,230,False
mediation_casebook_2021:page:0135,345,False,345,False,345,False
mediation_casebook_2021:page:0136,537,False,537,False,537,False
mediation_casebook_2021:page:0137,360,False,360,False,360,False
mediation_casebook_2021:page:0138,365,False,365,False,365,False
mediation_casebook_2021:page:0139,221,False,221,False,221,False
mediation_casebook_2021:page:0140,475,False,475,False,475,False
mediation_casebook_2021:page:0141,465,False,465,False,465,False
mediation_casebook_2021:page:0142,374,False,374,False,374,False
mediation_casebook_2021:page:0143,318,False,318,False,318,False
mediation_casebook_2021:page:0144,136,False,136,False,136,False
mediation_casebook_2021:page:0145,418,False,418,False,418,False
mediation_casebook_2021:page:0146,393,False,393,False,393,False
mediation_casebook_2021:page:0147,241,False,241,False,241,False
mediation_casebook_2021:page:0148,464,False,464,False,464,False
mediation_casebook_2021:page:0149,381,False,381,False,381,False
mediation_casebook_2021:page:0150,84,False,84,False,84,False
mediation_casebook_2021:page:0151,381,False,381,False,381,False
mediation_casebook_2021:page:0152,457,False,457,False,457,False
mediation_casebook_2021:page:0153,419,False,419,False,419,False
mediation_casebook_2021:page:0156,429,False,429,False,429,False
mediation_casebook_2021:page:0157,243,False,243,False,243,False
mediation_casebook_2021:page:0159,486,False,486,False,486,False
mediation_casebook_2021:page:0160,564,False,564,False,564,False
mediation_casebook_2021:page:0161,28,False,28,False,28,False
mediation_casebook_2021:page:0162,397,False,397,False,397,False
mediation_casebook_2021:page:0163,318,False,318,False,318,False
mediation_casebook_2021:page:0164,441,False,441,False,441,False
mediation_casebook_2021:page:0165,531,False,531,False,531,False
mediation_casebook_2021:page:0166,422,False,422,False,422,False
mediation_casebook_2021:page:0167,225,False,225,False,225,False
mediation_casebook_2021:page:0168,448,False,448,False,448,False
mediation_casebook_2021:page:0169,323,False,323,False,323,False
mediation_casebook_2021:page:0170,413,False,413,False,413,False
mediation_casebook_2021:page:0171,421,False,421,False,421,False
mediation_casebook_2021:page:0172,455,False,455,False,455,False
mediation_casebook_2021:page:0173,481,False,481,False,481,False
mediation_casebook_2021:page:0174,510,False,510,False,510,False
mediation_casebook_2021:page:0177,421,False,421,False,421,False
mediation_casebook_2021:page:0178,116,False,116,False,116,False
mediation_casebook_2021:page:0179,437,False,437,False,437,False
mediation_casebook_2021:page:0180,287,False,287,False,287,False
mediation_casebook_2021:page:0181,428,False,428,False,428,False
mediation_casebook_2021:page:0182,427,False,427,False,427,False
mediation_casebook_2021:page:0183,510,False,510,False,510,False
mediation_casebook_2021:page:0184,277,False,277,False,277,False
mediation_casebook_2021:page:0185,302,False,302,False,302,False
mediation_casebook_2021:page:0186,355,False,355,False,355,False
mediation_casebook_2021:page:0187,419,False,419,False,419,False
mediation_casebook_2021:page:0188,446,False,446,False,446,False
mediation_casebook_2021:page:0189,351,False,351,False,351,False
mediation_casebook_2021:page:0190,521,False,521,False,521,False
mediation_casebook_2021:page:0191,225,False,225,False,225,False
mediation_casebook_2021:page:0192,493,False,493,False,493,False
mediation_casebook_2021:page:0193,436,False,436,False,436,False
mediation_casebook_2021:page:0194,333,False,333,False,333,False
mediation_casebook_2022:page:0006,495,False,495,False,495,False
mediation_casebook_2022:page:0007,473,False,473,False,473,False
mediation_casebook_2022:page:0008,327,False,327,False,327,False
mediation_casebook_2022:page:0009,289,False,289,False,289,False
mediation_casebook_2022:page:0010,321,False,321,False,321,False
mediation_casebook_2022:page:0011,541,False,541,False,541,False
mediation_casebook_2022:page:0014,341,False,341,False,341,False
mediation_casebook_2022:page:0015,230,False,230,False,230,False
mediation_casebook_2022:page:0016,507,False,507,False,507,False
mediation_casebook_2022:page:0017,397,False,397,False,397,False
mediation_casebook_2022:page:0018,233,False,233,False,233,False
mediation_casebook_2022:page:0020,123,False,123,False,123,False
mediation_casebook_2022:page:0021,1067,False,1067,False,1067,False
mediation_casebook_2022:page:0022,496,False,496,False,496,False
mediation_casebook_2022:page:0023,558,False,558,False,558,False
mediation_casebook_2022:page:0024,379,False,379,False,379,False
mediation_casebook_2022:page:0025,319,False,319,False,319,False
mediation_casebook_2022:page:0026,514,False,514,False,514,False
mediation_casebook_2022:page:0027,383,False,383,False,383,False
mediation_casebook_2022:page:0028,587,False,587,False,587,False
mediation_casebook_2022:page:0029,472,False,472,False,472,False
mediation_casebook_2022:page:0030,494,False,494,False,494,False
mediation_casebook_2022:page:0031,342,False,342,False,342,False
mediation_casebook_2022:page:0032,596,False,596,False,596,False
mediation_casebook_2022:page:0033,489,False,489,False,489,False
mediation_casebook_2022:page:0034,619,False,619,False,619,False
mediation_casebook_2022:page:0035,560,False,560,False,560,False
mediation_casebook_2022:page:0036,484,False,484,False,484,False
mediation_casebook_2022:page:0038,366,False,366,False,366,False
mediation_casebook_2022:page:0039,553,False,553,False,553,False
mediation_casebook_2022:page:0040,463,False,463,False,463,False
mediation_casebook_2022:page:0041,256,False,256,False,256,False
mediation_casebook_2022:page:0042,491,False,491,False,491,False
mediation_casebook_2022:page:0043,601,False,601,False,601,False
mediation_casebook_2022:page:0044,336,False,336,False,336,False
mediation_casebook_2022:page:0045,284,False,284,False,284,False
mediation_casebook_2022:page:0046,543,False,543,False,543,False
mediation_casebook_2022:page:0047,581,False,581,False,581,False
mediation_casebook_2022:page:0048,290,False,290,False,290,False
mediation_casebook_2022:page:0049,475,False,475,False,475,False
mediation_casebook_2022:page:0050,546,False,546,False,546,False
mediation_casebook_2022:page:0051,418,False,418,False,418,False
mediation_casebook_2022:page:0052,443,False,443,False,443,False
mediation_casebook_2022:page:0053,403,False,403,False,403,False
mediation_casebook_2022:page:0054,332,False,332,False,332,False
mediation_casebook_2022:page:0055,670,False,670,False,670,False
mediation_casebook_2022:page:0056,250,False,250,False,250,False
mediation_casebook_2022:page:0057,560,False,560,False,560,False
mediation_casebook_2022:page:0058,580,False,580,False,580,False
mediation_casebook_2022:page:0059,508,False,508,False,508,False
mediation_casebook_2022:page:0060,378,False,378,False,378,False
mediation_casebook_2022:page:0061,524,False,524,False,524,False
mediation_casebook_2022:page:0062,355,False,355,False,355,False
mediation_casebook_2022:page:0063,389,False,389,False,389,False
mediation_casebook_2022:page:0064,451,False,451,False,451,False
mediation_casebook_2022:page:0065,326,False,326,False,326,False
mediation_casebook_2022:page:0066,226,False,226,False,226,False
mediation_casebook_2022:page:0067,325,False,325,False,325,False
mediation_casebook_2022:page:0068,393,False,393,False,393,False
mediation_casebook_2022:page:0069,253,False,253,False,253,False
mediation_casebook_2022:page:0070,415,False,415,False,415,False
mediation_casebook_2022:page:0071,517,False,517,False,517,False
mediation_casebook_2022:page:0072,245,False,245,False,245,False
mediation_casebook_2022:page:0073,490,False,490,False,490,False
mediation_casebook_2022:page:0074,558,False,558,False,558,False
mediation_casebook_2022:page:0075,678,False,678,False,678,False
mediation_casebook_2022:page:0076,292,False,292,False,292,False
mediation_casebook_2022:page:0077,448,False,448,False,448,False
mediation_casebook_2022:page:0078,392,False,392,False,392,False
mediation_casebook_2022:page:0079,411,False,411,False,411,False
mediation_casebook_2022:page:0080,371,False,371,False,371,False
mediation_casebook_2022:page:0081,453,False,453,False,453,False
mediation_casebook_2022:page:0082,471,False,471,False,471,False
mediation_casebook_2022:page:0083,416,False,416,False,416,False
mediation_casebook_2022:page:0084,440,False,440,False,440,False
mediation_casebook_2022:page:0085,447,False,447,False,447,False
mediation_casebook_2022:page:0086,438,False,438,False,438,False
mediation_casebook_2022:page:0087,385,False,385,False,385,False
mediation_casebook_2022:page:0088,292,False,292,False,292,False
mediation_casebook_2022:page:0089,376,False,376,False,376,False
mediation_casebook_2022:page:0090,305,False,305,False,305,False
mediation_casebook_2022:page:0091,598,False,598,False,598,False
mediation_casebook_2022:page:0094,119,False,119,False,119,False
mediation_casebook_2022:page:0095,305,False,305,False,305,False
mediation_casebook_2022:page:0096,268,False,268,False,268,False
mediation_casebook_2022:page:0097,363,False,363,False,363,False
mediation_casebook_2022:page:0098,330,False,330,False,330,False
mediation_casebook_2022:page:0099,432,False,432,False,432,False
mediation_casebook_2022:page:0100,361,False,361,False,361,False
mediation_casebook_2022:page:0101,186,False,186,False,186,False
mediation_casebook_2022:page:0102,486,False,486,False,486,False
mediation_casebook_2022:page:0103,321,False,321,False,321,False
mediation_casebook_2022:page:0104,507,False,507,False,507,False
mediation_casebook_2022:page:0105,339,False,339,False,339,False
mediation_casebook_2022:page:0106,209,False,209,False,209,False
mediation_casebook_2022:page:0107,339,False,339,False,339,False
mediation_casebook_2022:page:0108,378,False,378,False,378,False
mediation_casebook_2022:page:0109,522,False,522,False,522,False
mediation_casebook_2022:page:0110,462,False,462,False,462,False
mediation_casebook_2022:page:0111,254,False,254,False,254,False
mediation_casebook_2022:page:0112,468,False,468,False,468,False
mediation_casebook_2022:page:0113,366,False,366,False,366,False
mediation_casebook_2022:page:0114,169,False,169,False,169,False
mediation_casebook_2022:page:0115,226,False,226,False,226,False
mediation_casebook_2022:page:0117,62,False,62,False,62,False
mediation_casebook_2022:page:0118,649,False,649,False,649,False
mediation_casebook_2022:page:0119,842,False,842,False,842,False
mediation_casebook_2022:page:0120,221,False,221,False,221,False
mediation_casebook_2022:page:0121,218,False,218,False,218,False
mediation_casebook_2022:page:0122,2254,False,2254,False,2254,False
mediation_casebook_2022:page:0123,776,False,776,False,776,False
mediation_casebook_2022:page:0124,527,False,527,False,527,False
mediation_casebook_2022:page:0125,489,False,489,False,489,False
mediation_casebook_2022:page:0126,832,False,832,False,832,False
mediation_casebook_2022:page:0127,487,False,487,False,487,False
mediation_casebook_2022:page:0128,743,False,743,False,743,False
mediation_casebook_2022:page:0129,698,False,698,False,698,False
mediation_casebook_2022:page:0130,656,False,656,False,656,False
mediation_casebook_2022:page:0131,797,False,797,False,797,False
mediation_casebook_2022:page:0132,610,False,610,False,610,False
mediation_casebook_2022:page:0133,715,False,715,False,715,False
mediation_casebook_2022:page:0134,620,False,620,False,620,False
mediation_casebook_2022:page:0135,488,False,488,False,488,False
mediation_casebook_2022:page:0136,669,False,669,False,669,False
mediation_casebook_2022:page:0137,523,False,523,False,523,False
mediation_casebook_2022:page:0138,337,False,337,False,337,False
mediation_casebook_2022:page:0139,512,False,512,False,512,False
mediation_casebook_2022:page:0140,657,False,657,False,657,False
mediation_casebook_2022:page:0141,553,False,553,False,553,False
mediation_casebook_2022:page:0142,338,False,338,False,338,False
mediation_casebook_2022:page:0143,614,False,614,False,614,False
mediation_casebook_2022:page:0144,608,False,608,False,608,False
mediation_casebook_2022:page:0145,657,False,657,False,657,False
mediation_casebook_2022:page:0146,664,False,664,False,664,False
mediation_casebook_2022:page:0147,564,False,564,False,564,False
mediation_casebook_2022:page:0148,428,False,428,False,428,False
mediation_casebook_2022:page:0149,352,False,352,False,352,False
mediation_casebook_2023:page:0008,492,False,492,False,492,False
mediation_casebook_2023:page:0009,267,False,267,False,267,False
mediation_casebook_2023:page:0010,292,False,292,False,292,False
mediation_casebook_2023:page:0011,614,False,614,False,614,False
mediation_casebook_2023:page:0014,527,False,527,False,527,False
mediation_casebook_2023:page:0015,447,False,447,False,447,False
mediation_casebook_2023:page:0018,330,False,330,False,330,False
mediation_casebook_2023:page:0019,307,False,307,False,307,False
mediation_casebook_2023:page:0020,518,False,518,False,518,False
mediation_casebook_2023:page:0021,428,False,428,False,428,False
mediation_casebook_2023:page:0022,363,False,363,False,363,False
mediation_casebook_2023:page:0026,132,False,132,False,132,False
mediation_casebook_2023:page:0027,463,False,463,False,463,False
mediation_casebook_2023:page:0028,375,False,375,False,375,False
mediation_casebook_2023:page:0029,227,False,227,False,227,False
mediation_casebook_2023:page:0030,458,False,458,False,458,False
mediation_casebook_2023:page:0031,495,False,495,False,495,False
mediation_casebook_2023:page:0032,488,False,488,False,488,False
mediation_casebook_2023:page:0033,309,False,309,False,309,False
mediation_casebook_2023:page:0034,541,False,541,False,541,False
mediation_casebook_2023:page:0035,601,False,601,False,601,False
mediation_casebook_2023:page:0036,521,False,521,False,521,False
mediation_casebook_2023:page:0037,619,False,619,False,619,False
mediation_casebook_2023:page:0038,536,False,536,False,536,False
mediation_casebook_2023:page:0039,397,False,397,False,397,False
mediation_casebook_2023:page:0040,481,False,481,False,481,False
mediation_casebook_2023:page:0041,271,False,271,False,271,False
mediation_casebook_2023:page:0042,471,False,471,False,471,False
mediation_casebook_2023:page:0043,495,False,495,False,495,False
mediation_casebook_2023:page:0044,712,False,712,False,712,False
mediation_casebook_2023:page:0045,583,False,583,False,583,False
mediation_casebook_2023:page:0046,428,False,428,False,428,False
mediation_casebook_2023:page:0047,503,False,503,False,503,False
mediation_casebook_2023:page:0048,359,False,359,False,359,False
mediation_casebook_2023:page:0049,420,False,420,False,420,False
mediation_casebook_2023:page:0050,541,False,541,False,541,False
mediation_casebook_2023:page:0051,579,False,579,False,579,False
mediation_casebook_2023:page:0052,583,False,583,False,583,False
mediation_casebook_2023:page:0053,599,False,599,False,599,False
mediation_casebook_2023:page:0054,617,False,617,False,617,False
mediation_casebook_2023:page:0055,550,False,550,False,550,False
mediation_casebook_2023:page:0056,593,False,593,False,593,False
mediation_casebook_2023:page:0057,540,False,540,False,540,False
mediation_casebook_2023:page:0058,632,False,632,False,632,False
mediation_casebook_2023:page:0059,476,False,476,False,476,False
mediation_casebook_2023:page:0060,548,False,548,False,548,False
mediation_casebook_2023:page:0061,515,False,515,False,515,False
mediation_casebook_2023:page:0064,371,False,371,False,371,False
mediation_casebook_2023:page:0065,334,False,334,False,334,False
mediation_casebook_2023:page:0066,562,False,562,False,562,False
mediation_casebook_2023:page:0067,595,False,595,False,595,False
mediation_casebook_2023:page:0068,298,False,298,False,298,False
mediation_casebook_2023:page:0069,540,False,540,False,540,False
mediation_casebook_2023:page:0070,520,False,520,False,520,False
mediation_casebook_2023:page:0071,570,False,570,False,570,False
mediation_casebook_2023:page:0072,442,False,442,False,442,False
mediation_casebook_2023:page:0073,330,False,330,False,330,False
mediation_casebook_2023:page:0074,504,False,504,False,504,False
mediation_casebook_2023:page:0075,398,False,398,False,398,False
mediation_casebook_2023:page:0076,529,False,529,False,529,False
mediation_casebook_2023:page:0077,552,False,552,False,552,False
mediation_casebook_2023:page:0078,356,False,356,False,356,False
mediation_casebook_2023:page:0079,550,False,550,False,550,False
mediation_casebook_2023:page:0080,448,False,448,False,448,False
mediation_casebook_2023:page:0081,480,False,480,False,480,False
mediation_casebook_2023:page:0082,426,False,426,False,426,False
mediation_casebook_2023:page:0083,522,False,522,False,522,False
mediation_casebook_2023:page:0084,414,False,414,False,414,False
mediation_casebook_2023:page:0085,573,False,573,False,573,False
mediation_casebook_2023:page:0086,643,False,643,False,643,False
mediation_casebook_2023:page:0087,562,False,562,False,562,False
mediation_casebook_2023:page:0088,541,False,541,False,541,False
mediation_casebook_2023:page:0089,707,False,707,False,707,False
mediation_casebook_2023:page:0091,457,False,457,False,457,False
mediation_casebook_2023:page:0092,68,False,68,False,68,False
standard_contract_202310:page:0001,1119,False,1119,False,1119,False
standard_contract_202310:page:0002,1676,False,1676,False,1676,False
standard_contract_202310:page:0003,312,False,312,False,312,False
standard_contract_202310:page:0004,1095,False,1095,False,1095,False
standard_contract_202310:page:0005,673,False,673,False,673,False
